email,name
hnganga12@gmail.com,KABIRO VENTURES SUPPLIES
sales@orthodyna.com,Orthodynamic Limited
LIDAVETERPRISES@GMAIL.COM,LIDAV ENTERPRISES LIMITED
info@transafricamedical.co.ke,Transafrica Medical
info@nesvax.co.ke,Nesvax Innovations Ltd
info@protectivecustody.co.ke,Protective custody limited
sales@impactchemicals.co.ke,IMPACT CHEMICALS LIMITED
holmenterprisesltd@gmail.com,HOLM ENTERPRISES LIMITED
jalidinvestmentslimited@gmail.com,JALID INVESTMENTS LIMITED
in-vitro@in-vitro.co.ke,IN-VITRO DIAGNOSTICS (EA) LIMITED
info@mecstruengineering.co.ke,Mecstru Engineering Company Ltd
ruth.kiarie@africancotton.com,African Cotton Industries Ltd
dengxiaowei@crceg-int.com,CRJE (EAST AFRICA) LIMITED
ngachsimon@gmail.com,test
INFO@BIOTECLABK.CO.KE,BIOTEC LABORATORIES (K) LTD
nelson.mandela@dawalifesciences.com,DAWA LIMITED
sales@caperinamedical.co.ke,Caperina Medical Supplies Limited
sales@medionics.co.ke,MEDIONICS HEALTHCARE LTD
info@faram-ea.com,FARAM EAST AFRICA LIMITED
shelina@ripplepharma.com,RIPPLE PHARMACEUTICALS LIMITED
admin@renaissancehealth-kenya.com,RENAISSANCE HEALTH  LIMITED
shelina@ripplepharma.com,RIPPLE PHARMACEUTICALS LIMITED
SALES@LPTECHNOLOGY.CO.KE,LED POWER TECHNOLOGIES (EA) K LTD
kanchannarang@yahoo.com,Sai Zara company Ltd
julliasambeko@broadcom.co.ke,Broadband Communication Network Ltd
INFO@PROSPECTUS.CO.KE,PROSPECTUS THERAPEUTICS LTD
surgimail@surgilinksltd.com,SURGILINKS LTD
smallestcog53@gmail.com,smallest cog enterprise
sypsan@yahoo.com,SYPSAN ENTERPRISES
info@cyteksolar.com,Cytek Solar Limited
info@omsaidistributors.com,OMSAI DISTRIBUTORS LIMITED
euroxpharmaceuticals@hotmail.com,EUROX PHARMACEUTICALS LIMITED
medraylimited@gmail.com,Medray Healthcare Limited
info@digitalsquadcreations.co.ke,Digital Squad Creations Limited
info@frikana.co.ke,FRIKANA FLIGHT SERVICES LTD
aumpharmaltd@gmail.com,AUM PHARMACEUTICALS LTD
murphlenterprises@gmail.om,murphil enterprises
zedekgroup20@gmail.com,Zedek Group Ltd
sales@expendeddata.co.ke,Expended Data Networks Ltd
info@prunusafrica.com,Prunus Pharma Limited
wilkiamnetworkservices@gmail.com,Wilkiam Network Services limited
Ruth127@gmail.com,Beautiful Steel Interiors LTD
info@marbletravel.com,MARBLE TRAVEL
info@maarstechkenya.com,MAARS TECHNOLOGIES LIMITED
josephinem@secutech-ea.com,Secutech East Africa Limited
bids@encapsulatedafrica.com,Encapsulated East Africa Limited
tenders@ptlkenya.com,PHILLIPS THERAPEUTICS LIMITED
psltenders@phillipskenya.com,PHARMA SPECIALITIES LIMITED
SALES@PANPHARMACEUTICALS.CO.KE,PAN PHARMACEUTICALS LTD
reddyspharmaltdkenya@gmail.com,Reddys Pharma Ltd
info@plexus-energy.co.ke,Plexus Energy Limited
info@acil.co.ke,Alpha Centauri Investments Limited
info@vectordomelimited.co.ke,VECTORDOME LIMITED
sales@symbio.co.ke,SYMBIO HEALTHCARE LIMITED
trinity@swiftkenya.com,Trinity Petroleum Limited
Dialinehsl@gmail.com,Dialine Healthcare solutions ltd
solutionsteqlab@gmail.com,TEQLAB BUSINESS SOLUTIONS
regulatory@medox.co.ke,Medox Pharmaceuticals Ltd
info@medispec.co.ke,Medispec Kenya Limited
seaskyexpress@yahoo.com,SEA-SKY EXPRESS LIMITED
joseph@agomagroup.com,AGOMA GROUP LIMITED
saf@gmail.com,simon enterprises ltd
info@asami.co.ke,ASAMI KENYA LIMITED
sales@medex.co.ke,MEDEX EAST AFRICA LTD
admin@surgipathealtd.co.ke,SURGIPATH SERVICES EA LTD
valliant457@gmail.com,VALLIANT ENTERPRISES
nyambatidismas@gmail.com,Micaknit
surgipresslimited@gmail.com,Surgipress Medical Supplies Limited
info@superworld.co.ke,Superworld general supplies and works ltd
tenders@eastleighpharma.co.ke,EASTLEIGH PHARMACEUTICAL CO LTD
tenders@eastleighpharma.co.ke,EASTLEIGH PHARMACEUTICAL CO LTD
knitstarsales@gmail.com,KNITSTAR ENTERPRISES LIMITED
softquecomputersp@gmail.com,Softque Computers & Printing
dubstech022@gmail.com,Dubstech Engineering LTD
info@bionex.co.ke,BIONEX LTD
info@rosewood.co.ke,MANUFACTURE
Josephine@sightsoundke.com,Sights and sound computers limited
adolalaboratories@gmail.com,ADOLA LABORATORIES LIMITED
info@boxhaven.co.ke,Box Haven Limited
info@zealholdingslimited.co.ke,Zeal Holdings Limited
kiriitadairy@yahoo.com,KIRIITA DAIRY FARMERS CO-OPERATIVE SOCIETY LIMITED
info@biocal.co.ke,Biologic Calibration Solutions Ltd
info@tsgk.co.ke,THE SCIENTIFIC GROUP KENYA LTD
m.kabue@dilussofurniture.co.ke,Dilusso Furniture and Design Ltd
m.kabue@dilussofurniture.co.ke,Dilusso Furniture and Design Ltd
info@medipalmedicalsupplies.co.ke,Medipal Medical Supplies Limited
info@joshpa.co.ke,JOSHPA AFRICA LIMITED
admin@ultralabealtd.co.ke,ULTRALAB EA LTD
LARIOXKENYA@GMAIL.COM,LARIOX HEALTHCARE LIMITED
info@powertex.co.ke,Powertex limited
admin@manchesteroutfittersltd.com,MANCHESTER OUTFITTERS LIMITED
firstnotchsuppliesltd@gmail.com,FIRST NOTCH SUPPLIES LTD
fnyangwono@protoenergy.com,Proto Energy Ltd
info@bititecsystems.com,BITITEC SYSTEMS & SUPPLIERS LTD
dentmartenterprises1@gmail.com,DENTMART ENTERPRISES LTD
viridiancompanylimited@gmail.com,VIRIDIAN COMPANY LIMITED
dentmartenterprises1@gmail.com,DENTMART ENTERPRISES LTD
dentmartenterprises1@gmail.com,DENTMART ENTERPRISES LTD
widetech2017@gmail.com,WIDE TECH ENGINEERING LTD
dentmartenterprises1@gmail.com,DENTMART ENTERPRISES LTD
dentmartenterprises1@gmail.com,DENTMART ENTERPRISES LTD
belaire@africaonline.co.ke,Bel - Aire International Limited
irmin@solution4u.com,Irmin Limited
msmarsurg@gmail.com,Msmar Surgical ltd
info@epashikinoresort.com,Epashikino Resort Spa Ltd
Info@bibaent.co.ke,BIBA ENTERPRISES LIMITED
afripharmaexports@yahoo.com,Afripharma Export Import Ltd
kelvin.muoka.mwendwa@gmail.com,Above board Graphics
kenya@pyramidpharma.com,Pyramid Pharma Ltd
tenders@nelent.com,NAIROBI ENTERPRISES LIMITED
info@synermedicakenya.com,Syner-Medica (Kenya) Ltd
info@memtechelectrical.com,MEMTECH ELECTRICAL SERVICES LTD
rycedentalsupplies2000@yahoo.com,RYCEDENTAL SUPPLIES LTD
jazdentalsupplies@yahoo.com,JAZDENTAL SUPPLIES LIMITED
peter@macnaughton.coke,MacNaughton Ltd
cgmuriuki55@gmail.com,CARP GENERAL SUPPLIES
pawaliteinvestment@gmail.com,PAWALITE INVESTMENT LIMITED
info@surgilabs.com,Surgilabs Ltd
info@riellopowersolutions.com,RIELLO POWER SOLUTIONS LTD
info@advancedhct.com,ADVANCED HEALTHCARE TECHNOLOGIES LIMITED
lupact7@gmail.com,land and urban pact limited
limaheastafrica@gmail.com,LIMAH E.A LIMITED
pathwayexpress@hotmail.com,Pathway Express
info@haste-enterprises.co.ke,HASTE ENTERPRISES
iamawy2@gmail.com,Sans dune traders Limited
finistconsultantsltd@gmail.com,FInist Consultants
equipstars@gmail.com,Equipstar Solutions
rosamogenerals@gmail.com,ROSAMO GENERAL SUPPLIERS LTD
craftlimited20@yahoo.com,Craft Structures Enterprises Limited
info@rvmachinery.com,RIFT VALLEY MACHINERY SERVICES LTD
gretahltd@gmail.com,Gretah Enginering
info@melimo.co.ke,Melimo Holdings Company Limited
blemecegeneral@gmail.com,BLEMEC GENERAL SUPPLIES LIMITED
Elitehouseentreprise@gmail.com,ELITE HOUSE ENTERPRISE
silklogisticsltd@gmail.com,Silk Logistics Ltd
besosenterprises@gmail.com,BESOS ENTERPRISES
gkahunya@gmail.com,Moca ventures ltd
mukuipharis064@gmail.com,Daily
info@ozonecool.com,Ozonecool Investment Limited
bsmartproducts@gmail.com,B SMART PRODUCTS LIMITED
henry.thuo14@gmail.com,Gitangu Henry Thuo
emartechnologies@gmail.com,EMART TECHNOLOGIES LIMITED
jobdondi22@gmail.com,BENJWIL TRADING & ENGINEERING LIMITED
jobdondi22@gmail.com,BENJWIL TRADING & ENGINEERING LIMITED
info@pristine-logistics.co.ke,THE PRISTINE LOGISTICS LIMITED
tenderbusiness@surgipharm.com,Surgipharm Limited
info@tritel.co.ke,Tritel Technologies Limited
lords@swiftkenya.com,LORDS HEALTHCARE LIMITED
sales@microken.co.ke,Microken Office Supplies
inkitsolutions@gmail.com,Ink It Solutions Limited
info@africankings.co.ke,AFRICAN KINGS SUPPLIERS LIMITED
fombati@elysian-resort.com,ELYSIAN RESORT
empathyhealthcare10@gmail.com,Empathy healthcare limited
info@merchantsuppliers.co.ke,MERCHANT SUPPLIERS LIMITED COMPANY
leonardngeno.r@gmail.com,ORTHOMEDICS & PHARMACEUTICALS ELDORET LTD
mwangiblench@gmail.com,HARRIS FRUITS AND VEGETABLES
broomwademachinery@gmail.com,BROOMWADE MACHINERY SERVICES
SUA@MICROBIOLOGY.CO.KE,Microbiology EA LTD
info@harleysltd.com,"HARLEY'S LIMITED"
sales@rikki.co.ke,Rikki Support Services Limited
info@jimtecservices.com,JIMTEC SERVICES LIMITED
info@jimtecservices.com,JIMTEC SERVICES LIMITED
info@hatarisecurity.co.ke,HATARI SECURITY GUARDS LTD.
evankagrandsupplies@gmail.com,EVANKA GRAND SUPPLIES
sales@spectra-chemicals.com,Spectra Chemicals K Ltd
skytechafrica2@gmail.com,SKYTECH AFRICA SUPPLIES LIMITED
info@harleysltd.com,"HARLEY'S LIMITED"
info@bakerscorner.co.ke,BAKERS CORNER CO. LTD
jabez@nbi.ispkenya.com,JABEZ HEALTHCARE LIMITED
gas.tobento@gmail.com,TOBENTO INVESTMENT LIMITED
sales@windsor.co.ke,WINDSOR GOLF HOTEL & COUNTRY CLUB
info@smartedge.co.ke,Smartedge E
sales@inspirekenya.co,Inspire Pharmaceuticals Ltd.
info@smartedge.co.ke,Smartedge E
info@smartedge.co.ke,SmartEdge East Africa Limited
info@medistusltd.com,Medistus Limited
administration@msm.co.ke,MSM Medical Equipments Limited
penjuagencies@yahoo.com,PENJU AGENCIES
danvantrikenya@gmail.com,Danvantri Enterprises Limited
info@unitedpharma.co.ke,UNITED PHARMA(K) LTD
tenderspromed@gmail.com,PRO-MED PHARMACEUTICALS LTD
asphalt1gm@yahoo.com,ASPHALT GENERAL MERCHANT CO. LIMITED
emaxautoltd@gmail.com,EMAX AUTOMOTIVE LIMITED
tkimani1010@gmail.com,THOMAS KIMANI
institutionsales@laballied.com,Laboratory & Allied Limited
sales@rivatex.co.ke,RIVATEX EAST AFRICA LIMITED
KIBSWAYS@GMAIL.COM,KIBSWAYS ENTERPISE
bhatt@zawadihealthcare.com,ZAWADI HEALTHCARE LIMITED
info@statim.co.ke,Statim Pharmaceuticals Limited
datasqd9@gmail.com,marvels
info@sam-techdiagnostics.com,SAM-TECH DIAGNOSTICS CO. LTD
rightsignsupplies@gmail.com,Right Sign Supplies
bioquestkenya@yahoo.com,BIOQUEST KENYA LTD
pridewearltd@gmail.com,PRIDE WEAR LIMITED
INFO@GENERICSAFRICA.COM,GENERICS AFRICA LIMITED
GUILINENTERPRISELTD@GMAIL.COM,GUILIN DESIGNS ENTERPRISE LTD
hospitalinnovationltd@gmail.com,HOSPITAL INNOVATION LTD
sales@baylem.com,BAYLEM LIMITED
sales@medocal.co.ke,Importers and Distributors of Medical Supplies
sales@ken-russ.org,KENRUSS MEDICS LTD
hirani@neelcon.com,Neelcon Construction Services Ltd
INFO@PLENSER.COM,PLENSER LIMITED
primedentsuppliesltd@gmail.com,PRIMEDENT SUPPLIES LTD
info@joshansen.com,JOS HANSEN & SOEHNE EA LTD
sales.acc.manager@semarahotel.co.ke,SEMARA HOTELS LIMITED
surghub30@gmail.com,Surghub Supplies Ltd
sales.acc.manager@gelianhotel.com,Gelian Investment Limited
apisltd.21@gmail.com,Apis Empowerment Limited
info@rhdevani.co.ke,R.H. Devani Limited
info@vectorinternational.com,Vector International Limited
info@uniquixlogistics.com,Uniquix Logistics Limited
info@triple.co.ke,TRIPLE BIOVITALS
INFO@LUEDAFRICA.COM,LUED (A) LIMITED
sales@autosterileea.biz,AUTOSTERILE EAST AFRICA LIMITED
endlessmoversupplies@gmail.com,ENDLESS MOVER SUPPLIES
alice.wanjiru@rentokil-initial.com,Rentokil Initial Kenya Limited
sales@saipharm.com,SAI PHARMACEUTICALS KENYA LIMITED
quotations@chemoquip.com,CHEMOQUIP LIMITED
bayeteholdings@gmail.com,Bayete Holdings (K) Ltd
info@sciencescope.co.ke,Sciencescope Limited
beskikasupplies@yahoo.com,Beskika Supplies
info@quantumscientific.co.ke,QUANTUM SCIENTIFIC LIMITED
admin@ashcott.com,AshcottLimited
institutionsales@laballied.com,Laboratory & Allied Limited
bigskysltd@gmail.com,BIGSKYS SOLUTIONS LIMITED
info@hillcourtresort.com,HILLCOURT RESORT AND SPA LTD
antarchealthcare@gmail.com,ANTARC HEALTHCARE LTD
design.gsh@gmail.com,Global Source Holdings (K) Ltd
info@selfmadafrica.org,Self Made Africa Limited
asherhealthcarechemist@gmail.com,Asher healthcare Ltd
rheysupplies@gmail.com,Rhey Supplies
rheysupplies@gmail.com,Rhey Supplies
mmmmmm@mmmmmm,mmmm
rheysupplies@gmail.com,Rhey Supplies
oumad62@gmail.com,Denis ouma
margaret@marvelafrica.co.ke,MARVEL AFRICA AGENCIES LTD
projects@aetosafrika.co.ke,AETOS AFRIKA LIMITED
rollinskenyalimited@gmail.com,Rollins Kenya Limited
mutekaranjajk@gmail.com,Mute farm
sales@arachispharmaceuticals.com,ARACHIS PHARMACEUTICALS LIMITED
sales@neptune.co.ke,Neptune Technologies Limited
Philips.eastafrica@philips.com,Philips East Africa Limited
sales@galaxypharma.co.ke,GALAXY PHARMACEUTICAL LTD
sales@fullcaresurgicalltd.com,Fullcare Surgical Ltd
INQUIRY@MEGAPLUS.CO.KE,MEGAPLUS AFRICA LIMITED
sales@meds.or.ke,PHARMACEUTICALS
info@pasaiba.com,PASAIBA TOURMALINE LIMITED
capriconstationers123@yahoo.com,CARRICON STATIONERS & GENERAL SUPPLIERS LIMITED
info@maanzonilodge.co.ke,MAANZONI LODGE LIMITED
shanabilmanagement@gmail.com,Shirbline Company Ltd
solutionsamina@gmail.com,AMINTECHNOLOGY SOLUTIONS AND SUPPLIES LTD
cleaningservicesjeb@gmail.com,JEB Cleaning services
info@crownkenya.com,Crown Kenya
tenders@wessexpharma.com,WESSEX PHARMACEUTICALS LIMITED
ltdmedquip@gmail.com,MEDQUIP LIMITED
info@saruchagroup.com,SARUCHA INDUSTRIES LIMITED
Kensel2004@yahoo.com,KENSEL LIMITED
salimmbarak134@gmail.com,ABUMBA GENERAL SUPPLIES
info@saruchagroup.com,SARUCHA INDUSTRIES LIMITED
engineering@rcaircon.co.ke,Refrigeration Centre Limited
MARLINENTERPRISES2@GMAIL.COM,MARLIN AND BROTHERS ENTERPRISES
surgident2019@gmail.com,SURGIDENT LIMITED
leventonltd@yahoo.com,LEVENTON LIMITED
roy@brandedworld.com,Branded world computers systems Ltd
roy@brandedworld.com,Branded world computers systems Ltd
info@psmpharma.co.ke,PSM PHARMACEUTICALS LTD
lecynagencies@yahoo.com,Lecyn Agencies
info@vcanbiotechnologies.com,VCAN BIOTECHNOLOGIES LTD
wipestarlimited22@gmail.com,Wipestar Limited
chitohdigital@gmail.com,Chitoe Ventures Ltd
gatesmedicallimited@gmail.com,GATES MEDICAL CENTER LIMITED
shemaphinvestments@gmail.com,SHEMAPH GROUP INVESTMENT
r_olwal@cullen.co.ke,CULLEN HEALTH SCIENCES LTD
lifetechmedicalsuppliers@gmail.com,LIFETECH ECO LIMITED
dgaita@labsolscientific.co.ke,LABSOLSCIENTIFIC LTD
jumlacuts@gmail.com,JUMLA CUTS BUCHERY
pillpackhealthcareltd@gmail.com,pill pakc
info@medwaresol.com,Medware Solutions Limited
enquiries@hcdke.com,Healthcare Direct Kenya Limited
info@hi-tech-aircon.com,Hi-tech Air Conditioning
INFO@IMMCARE.CO.KE,IMM CARE LIMITED
nbioffice@acfc.co.ke,Agro-chemical & Food Company Ltd.
karishmahealthcare.sl@gmail.com,KARISHMA HEALTHCARE SOLUTIONS LTD
info@paulasolutions.co.ke,PAULA SOLUTIONS LIMITED
insureintel@gmail.com,INSUREINTEL
macjohnsmedicals@yahoo.com,Macjohns Medical Supplies Limited
bigisell@gmail.com,BIGISELL SUPPLIES AND SERVICES
info@rosewood.co.ke,ROSEWOOD FURNITURE MANUFACTURERS LIMITED
biocarehealthsystems@gmail.com,BIOCARE HEALTH SYSTEMS LIMITED
sales@bennmann.co.ke,BENNMANN LIMITED
bluepackventures@gmail.com,BLUEPACK VENTURES LTD
rayan@cross-flow.co.ke,Crossflow Air Conditioning & Technical Services Ltd
villasurgicals@yahoo.com,Villa Surgical & Equipments Ltd
jkmholdingsltd@gmail.com,JKM HOLDINGS LIMITED
shykoalice@gmail.com,MUSTEK EAST AFRICA
info@aceautofix.co.ke,ACE AUTOFIX LIMITED
salesm@ppg.co.ke,POTENT PHARMA GROUP LTD
info@prodigyhealthcare.co.ke,PRODIGY HEALTHCARE LIMITED
sales@kentpharma.co.ke,PHARMACEUTICAL
customercare@festivebrands.co.ke,DPL FESTIVE LTD
info@absoluteadventuresafaris.com,Absolute Adventure Safaris Limited
info@sizwepharma.co.ke,Sizwe Pharmaceuticals Limited
reservations@sopalodges.co.ke,Masai Mara Sopa Lodge Ltd
marketing@biosurgiclimited.com,BIOSURGIC  E.A  LIMITED
info@betmedkenya.com,BETMED MEDICAL SUPPLIES LTD
everest@mayers.co.ke,MALACHITE LIMITED
eunicewanjiru833@gmail.com,rg joree industries limited
info@chesterhotels.co.ke,CHESTER HOTEL
surestepsuppliesltd@gmail.com,SURESTEP SUPPLIES LIMITED
prota@protalimited.co.ke,PROTA LIMITED
bimepafriclean@gmail.com,BIMEP AFRICLEAN LIMITED
oumaarnold92@gmail.com,MOPA INVESTMENTS LIMITED
customer_care@bixtrons.com,BIXTRON SAFETY HANDLERS
oscar@haier.co.ke,JTC
oscar@haier.co.ke,JTC
info@ketonconsulting.com,KETON CONSULTING LIMITED
sales@antarc-ke.com,ANTARC LIMITED
emma.kibe@myisp.co.ke,MyISP Limited
INFO@BROADWAY.CO.KE,BROADWAY BAKERY LIMITED
MOCATSURGICALSUPPLIESLTD@GMAIL.COM,MOCAT SURGICAL SUPPLIES LIMITED
info@leanventures.co.ke,Lean Ventures Limited
owen@premiumtoolsltd.com,PREMIUM TOOLS & EQUIPMENT (K) LTD
hadija@wemed.co.ke,Wemed Healthcare East Africa Limited
info@proactiventw.com,Proactive Networks Ltd
catherinerono24@gmail.com,Dominion Sarcate Enterprises
brandblastlimited@gmail.com,BRAND BLAST LIMITED
mburumaryanne151@gmail.com,Mary Waithera Mburu
info@zeenarkenya.com,Zeenar Kenya Limited
sales@chandaria.com,CHANDARIA INDUSTRIES LTD
info@raerex.co.ke,Raerex (EA) Limited
office@ar-pharmaceutical.co.ke,AR Pharmaceutical Limited
info@omaera.com,OMAERA PHARMACEUTICALS LIMITED
stevecoea@yahoo.com,Steveco Chemicals East Africa Limited
evans@valda.co.ke,Valda Solutions Limited
transpharmahealthcare@gmail.com,TRANSPHARMA HEALTHCARE LTD
manager@accordkenya.co.ke,ACCORD HEALTHCARE (K) LTD
liquidairservices@gmail.com,LIQUID REFRIGERATION CO LTD
gipvecea@gmail.com,GIPVEC EA LIMITED
1996.loise@gmail.com,Loise munga
1996.loise@gmail.com,Loise munga
vitalkimessentials@yahoo.com,Vitalkim Essentials
amierosurgical@gmail.com,Amiero Surgical (Africa) Limited
sales@geotechventures.co.ke,Geotech Ventures Limited
sales@beleapharmacy.co.ke,BELEA PHARMACY LIMITED
nila@nilapharm.com,NILA PHARMACEUTICALS LTD
sales@technomed.co.ke,TECHNOMED LTD
info@pharmacohealthcare.com,PHARMACO HEALTHCARE LIMITED
customercare@advancedmed.co.ke,advanced medical solutions ltd
info@physicaltherapy.co.ke,PHYSICAL THERAPY SERVICES LIMITED
WALLSTREETBRAND@GMAIL.COM,WALLSTREET BRAND PRINT ENTERPRISE LTD
sales.ke@laborex-healthcare.com,LABOREX KENYA LIMITED
baldoneng@gmail.com,BALDONCONSTRUCTION AND GENERAL ENGINEERING COMPANY LIMITED
sales2@streetwise.co.ke,STREETWISE MEDIA SERVICES
info@microvisione.com,Microvision Enterprises Limited
jmwakio@africabiosystems.com,Africa Biosystems Limited
AFRIWIDEHEALTHCARE@GMAIL.COM,AFRIWIDE HEALTHCARE SUPPLIES LIMITED
info@stylus.co.ke,stylus systems technologies ltd
info@elwakprinters.co.ke,ELWAK PRINTERS AND STATIONERS
tenders@uniselltd.com,UNISEL LIMITED
info@arnsecurity.com,ARN SECURITY CONSULTANTS & TRAINING SERVICES LTD
info@highpharm.co.ke,Highridge Pharmaceuticals Limited
sales@citygeneral.co.ke,CITY GENERAL STORES LIMITED
sales@cenclean.co.ke,CENCLEAN ENTERPRISES LIMITED
shoraifinance@gmail.com,Shorai Construction
dnjihia45@gmail.com,kKIJABE MOTOR SOLUTION
sales4@mediglobe.co.ke,Mediglobe Solutions Limited
SALES@NAIROBIPHARMA.CO.KE,NAIROBI PHARMACEUTICALS (KENYA) LIMITED
info@kirchbergltd.com,KIRCHBERG PALACE CONSTRUCTION LTD
info@syner-medkenya.com,SYNER-MED PHARMACEUTICALS (K) LTD
imports@bakpharm.com,BAKPHARM LIMITED
infratechprojects48@gmail.com,INFRATECH PROJECTS LTD
info@roanservices.com,ROAN SERVICES
violet.njuguna@techlimited.co.ke,Techlink Limited
institutions@acepharm.co.ke,Ace Pharmaceuticals Limited
greatlab2015@gmail.com,Great Laboratory And Chemical Suppliers Limited
rosaelevate22@gmail.com,ROSA ELEVATE LIMTED
orders.ke@bbraun.com,B Braun medical kenya ltd
tenders@fargocourier.co.ke,FARGO COURIER LIMITED
tender@goodman.co.ke,GOODMAN AGENCIES LTD
ces@charteredengineering.com,Chartered Engineering Services
sales@kobianscientific.com,KOBIAN KENYA LIMITED
info@isamurefrielectricals.com,ISAMU REFRI - ELECTRICALS
info@egintmedical.com,EGYPTIAN INTERNATIONAL FOR MEDICAL SUPPLIES LIMITED
info@broadfieldsecurity.com,BROADFIELD SECURITY SERVICES
sales@dawnsolutions.co.ke,DAWN SOLUTIONS LTD
bramsgascompanyltd@gmail.com,BRAMS GASES LIMITED
sales@dawnsolutions.co.ke,DAWN SOLUTIONS LTD
sales@dawnsolutions.co.ke,DAWN SOLUTIONS LTD
business@artsign.co.ke,ARTSIGN COMPANY LTD
phtl@phillipskenya.com,PHILLIPS HEALTHCARE TECHNOLOGIES LIMITED
phtl@phillipskenya.com,PHILLIPS HEALTHCARE TECHNOLOGIES LIMITED
admin@dudusquad.com,DUDUSQUAD LIMITED
info@bochautogarage.com,Naiva Boch Auto Electrician Limited
info@pharmasell.co.ke,PHARMASELL LIMITED
info@logistics365.co.ke,LOGISTICS THREE SIXTY FIVE LIMITED
codelessdesigns@outlook.com,CODELESS DESIGN
info.scorelinechemicals@gmail.com,SCORELINE CHEMICALS
info.kudumu@gail.com,Kudumu Limited
info@interlogistics.co.ke,Inter Logistics Limited
ashmebi2010@gmail.com,Ashmeg Premier Limited
wakefieldcons@gmail.com,Wakefield Engineering & Construction Ltd
info@discount-ventures.com,Discount Ventures Ltd.
sales@fortecmedix.co.ke,FORTEC MEDIX SUPPLIES LTD
sales@fortecmedix.co.ke,Fortec Medix Supplies ltd
info@vanmedltd.com,VANMED LTD
sales@fortecmedix.co.ke,FORTEC MEDIX SUPPLIES LTD
info@oakmed,OAKMED LIMITED
info@oakmed,OAKMED LIMITED
info@pulsehalthcarekenya.com,Pulse Healthcare Ltd
amiken@amikenltd.com,AMIKEN LIMITED
fairtradeinvest@gmail.com,Fair Trade Investments Limited
spotonenterprises@gmail.com,SPOT  ON ENTERPRISES
wimcy2000@gmail.com,Wimcy Electronics
wimcy2000@gmail.com,Wimcy Electronics
info@johammoversltd.com,Joham Movers limited
info@fargo.co.ke,Wells Fargo Limiited
sales@skylarelectricalshardware.com,SKYLAR ELECTRICALS AND HARDWARE K. LTD
info@oakmed,OAKMED LIMITED
guesthouse@chak.or.ke,CHAK GUEST HOUSE & CONFERENCE CENTRE
info@laboremedis.com,LABOREMEDIS LTD
westviewltd@yahoo.com,Westview Plumbers and General Contractors LImited
tenders.npl@gmail.com,NATIONAL PHARMACY LTD
sales@hasscientific.com,Hass Scientific & Medical Supplies Ltd
modestacc2023@gmail.com,MODEST HEALTHCARE LTD
waverobusiness@gmail.com,Wavero Business Ltd
arthrosourcekenya@gmail.com,Arthrosource Limited
arthrosourcekenya@gmail.com,Arthrosource Limited
info@bioscope.co.ke,BIOSCOPE LABORATORY SUPPLIES LTD
flipsystem17@gmail.com,FLIP SYSTEMS LIMITED
nextgenpharmake@gmail.com,NEXTGEN PHARMACEUTICALS (K) LTD.
tenders.npl@gmail.com,NATIONAL PHARMACY LTD
celestine.mutevu@galanaenergies.com,Galana Energies Limited
sales@fastchoiceke.com,FAST CHOICE LIMITED
info@essentialapparatus.co.ke,ESSENTIAL APPARATUS LTD
john@powersolarsystems.co.ke,Power And Solar System Limited
info@clinicalprecision.co.ke,CLINICAL PRECISION LIMITED
rafrizlimited@gmail.com,RAFRIZ GENERAL SUPPLIES LIMITED
carematesupplies@gmail.com,CAREMATE SUPPLIES LIMITED
paulmwangiimu@gmail.com,Masopawa enterprise
safewaste2010@gmail.com,SAFE WASTE MANAGEMENT SOLUTIONS LTD
sales@kampharmacy.com,Kam Pharmacy Wholesale Ltd
sales@kampharmacy.com,Kam Pharmacy Wholesale Ltd
grotich24@gmail.com,Viromer limited company
customerservice@fresha.co.ke,GITHUNGURI DAIRY FARMERS CO-OPERATIVE SOCIETY LTD
msales@munshiram.com,Munshiram International Business Machines Limited (MIBM)
info@convergent-networks.co.ke,Convergent Networks Ltd
wilkiamnetworkservices@gmail.com,wilkiam Network services limited
info@andemsec.org,Andem Security
cocopanconstructionkenya@gmail.com,COCOPAN CONSTRUCTION KENYA LIMITED
hermetique2000@yahoo.com,HERMETIQUE REFRIGERATION SALES LIMITED
steve@tandem.co.ke,Tandem Technologies Limited
espatsolutionsltd@gmail.com,ESPAT SOLUTIONS LIMITED
macprintlimited@gmail.com,Macprint Limited
info@winpharma.co.ke,WIN-PHARMA LIMITED
PARAMEDICHEALTHCARE@GMAIL.COM,PARAMEDIC AND HEALTHCARE SUPPLIES LTD
vincent@aveejoy.co.ke,AVEEJOY INNOVATIONS CO LTD
progresosolutions@zoho.com,Progreso Solutions LImited
aromaxventures@gmail.com,Aromax Ventures Limited
hsetraining@istc.co.ke,THE INTERNATIONAL SAFETY TRAINING CENTRE LIMITED
wilkitsonpharmaceuticals@gmail.com,WILKITSON PHARMACEUTICALS
wilkitsonpharmaceuticals@gmail.com,WILKITSON PHARMACEUTICALS
intracareltd@gmail.com,Intracare Enterprises Ltd
kimznetmasters@gmail.com,Kimz Enterorises LImited
wanhasenterprises@gmail.com,WANHAS ENTERPRISES
INFO@LABNALMS.CO.KE,LABNAL MEDICAL SOLUTIONS LIMITED
info@fnscientific.com,F & S SCIENTIFIC LTD
tenders@skyhealthcareltd.com,SKY HEALTHCARE LIMITED
jaydigitalsols@gmail.com,JAYDIGITAL SOLUTIONS LTD
medikitmedicalsupplies@gmail.com,MEDIKIT MEDICAL SUPPLIES
accurateadvertiser@gmail.com,ACCURATE ADVERTISERS LIMITED
Florence.Ngugi@zocomlimited.co.ke,ZOCOM LIMITED
ongoing@ongoingcargo.com,Ongoing Cargo Services Limited
info@skills-meducation.co.ke,SKILLS MEDUCATION AFRICA LIMITED
Sales@cosmos-pharm.com,COSMOS LIMITED
payal@1stoppharmacyltd.com,MXRX ONESTOP PHARMACY LTD
admin@image-first.biz,IMAGE FIRST LIMITED
admin@topstonepharma.co.ke,Topstone Pharma Limited
info@zengenta.co.ke,ZENGENTA PHARMACEUTICALS LIMITED
steelcrest2024@gmail.com,Steel Crest Hardware LTD
info.citycollectionltd@gmail.com,CITY COLLECTION INVESTMENT LIMITED
intermassprinters@gmail.com,intermass Stationers & Printers Ltd
sales@stalitesystems.co.ke,STALITE SYSTEMS CO.LTD
admin.ke@elsmed.com,Elsmed Kenya Limited
sales@stalitesystems.co.ke,STALITE SYSTEMS CO.LTD
sales@stalitesystems.co.ke,STALITE SYSTEMS CO.LTD
xpatproducts@gmail.com,Xpat Products Services Ltd
info@safuney.com,SAFUNEY LIMITED
in-vitro@in-vitro.co.ke,IN-VITRO DIAGNOSTICS (EA) LIMITED
INFO@HOUSETECH.CO.KE,HOUSETECH CONSTRUCTION LTD
info@qlinicahealthcare.co.ke,QLINICA HEALTHCARE LIMITED
sales@kenaymeat.co.ke,KENYA MEAT COMMISSION
glosecservices@gmail.com,GLOSEC SERVICES LIMITED
info@anova.co.ke,ANOVA COMMUNICATIONS LTD
ibramukundiibra@gmail.com,IBRAK CONSTRUCTORS LIMITED
histoche@gmail.com,Histochem Diagnostics Limited
breysomsolutions@gmail.com,Breysom Solutions
info@cutting-edgeinvestments.com,CUTTING-EDGE INVESTMENTS LIMITED
info@cutting-edgeinvestments.com,CUTTING-EDGE INVESTMENTS LIMITED
geospeenterprises@gmail.com,GEOSPE ENTERPRISES
vormansbrands@gmail.com,Vormans Brands Limited
afrodentsupplies@gmail.com,AFRODENT SUPPLIES LTD
tenderske@sgasecurity.com,SGA Kenya Limited
info@grayark.com,GRAY ARK LIMITED
businessdevelopment@owfm.co.ke,ONEWAY FACILITIES MANAGEMENT LIMITED
info@molvinlimited.co.ke,Molvin Limited
sales@salamapharmaceuticals.com,SALAMA PHARMACEUTICALS LIMITED
info@marutios.com,MARUTI OFFICE SUPPLIES LIMITED
accounts@timbercorner.com,TIMBER CORNER LTD
info@jarianpower.co.ke,Jarian Power Limited
eurogastect@yahoo.com,EUROGASES AND TECHNICAL SERVICES LIMITED
milestepmedical@yahoo.com,MILESTEP MEDICAL AND SURGICAL SUPPLIES LIMITED
sammy.isika@naivas.co.ke,NAIVAS LIMITED
julius@synthecon.co.za,SYNTHECON KENYA LIMITED
info@dynamo-solutions.co.ke,DYNAMO SOLUTIONS LTD
kema@kema.africa,Kema E.A Limited
mnjeri@ikigaihealth.co.ke,ikigai health kenya
INFO@HILLEY-CONSULTANTS.COM,HILLEY CONSULTANTS LIMITED
williamkiach@gmail.com,william kiairie
sammy.isika@naivas.co.ke,NAIVAS LIMITED
ramcyinvestment@gmail.com,RAMCY INVESTMENTS LIMITED
info.ke@pacificafrica.com,PACIFIC DIAGNOSTICS LIMITED
viridiancompanylimited@gmail.com,VIRIDIAN COMPANY LIMITED
adm@unicool.com,UNICOOL INTERNATIONAL LTD
James.mugwanga@mediquipglobal.org,MEDIQUIP GLOBAL LIMITED
aplke.sales@abacuspharma.com,ABACUS PHARMA (AFRICA) LIMITED
info@advancedhct.com,ADVANCED HEALTHCARE TECHNOLOGIES LTD
sales@advancedmed.co.ke,ADVANCED MEDICAL SOLUTIONS LTD
afrodentsupplies@gmail.com,AFRODENT SUPPLIES
sales@alphamedicalafrica.com,ALPHA MEDICAL MANUFACTURERS LIMITED
amierosurgical@gmail.com,AMIERO SURGICAL (AFRICA) LTD
amiken@amikenltd.com,AMIKEN LIMITED
antarchealthcare@gmail.com,ANTARC HEALTHCARE LIMITED
archventures2030@gmail.com,ARCH VENTURES LIMITED
orders.ke@bbraun.com,B BRAUN MEDICAL KENYA LIMITED
info@betmedkenya.com,BETMED MEDICAL SUPPLIES LTD
info@bluebellscare.com,BLUE BELLS CARE LIMITED
carematesupplies@gmail.com,CAREMATE SUPPLIES LIMITED
sales@chemoquip.com,CHEMOQUIP LTD
sales@clinicalprecision.co.ke,CLINICAL PRECISION LIMITED
www.colour-international.com,COLOUR INTERNATIONAL LTD
info.convexsurgicals@gmail.com,CONVEX SURGICALS (K) LIMITED
fridah.kinya@crownkenya.com,CROWN HEALTHCARE (K) LTD
kenya@deekaygroup.co.uk,DEEKAY RELIEF LIMITED
dentaldesignskenya@gmail.com,DENTAL DESIGNS LIMITED
sales@dentmedkenya.com,DENTMED KENYA LTD
dukeagencies2030@gmail.com,DUKE AGENCIES LIMITED
sales@fortecmedix.co.ke,FORTEC MEDIX SUPPLIES LTD
sales1@fullcaresurgicalltd.com,FULL CARE SURGICAL LIMITED
sales@geotechventures.co.ke,GEOTECH VENTURES LIMITED
greatlab2015@gmail.com,GREAT LABORATORY & CHEMICAL SUPPLIERS LTD
sales@harleysltd.com,HARLEYS LIMITED
enquiries@hcdke.com,HEALTHCARE DIRECT (K) LTD
info@highpharm.co.ke,HIGHRIDGE PHARMACEUTICALS LTD
info@hckl.co.ke,HOSPITAL CONSUMABLES KENYA LTD
hospitalinnovationltd@gmail.com,HOSPITAL INNOVATION LIMITED
intelmovelimited@outlook.com,INTELMOVE (K) LIMITED
sales@in-vitro.co.ke,IN-VITRO DIAGNOSTIC (EA) LIMITED
jabez@nbi.ispkenya.com,JABEZ HEALTHCARE LIMITED
orders@janst.co.ke,JANST HEALTHCARE INTERNATIONAL
info@joshpa.co.ke,JOSHPA AFRICA LIMITED
jkmusyimi@yahoo.com,JUNA SPECTS SERVICES
sales@kabipa.com,KABIPA EAST AFRICA LIMITED
sales@kampharmacy.com,KAM PHARMACY (WHOLESALE) LTD
sales.kenark@gmail.com,KENARK LIMITED
kensel2004@yahoo.com,KENSEL LIMITED
sales@kobianscientific.com,KOBIAN KENYA LTD
info@laboremedis.com,LABOREMEDIS LTD
wkiruthi@laborex-kenya.com,LABOREX KENYA LTD
info@lifetechsuppliers.org,Lifetech Eco Ltd
limaheastafrica@gmail.com,LIMAH EAST AFRICA LIMITED
macjohnsmedicals@yahoo.com,MACJOHNS MEDICAL SUPPLIES LIMITED
macknexenterprisesltd@gmail.com,MACKNEX ENTERPRISES LTD
sales@macnaughton.co.ke,MACNAUGHTON LTD
marklineltdskk@gmail.com,MARKLINE LIMITED
sales@medex.co.ke,MEDEX EAST AFRICA LTD
medifast_jmk@yahoo.com,MEDIFAST AFRICA LIMITED
mediflonenterprises14@gmail.com,MEDIFLON ENTERPRISES LIMITED
sales4@mediglobe.co.ke,MEDIGLOBE SOLUTIONS LIMITED
medipalmedicalsales@gmail.com,MEDIPAL MEDICAL SUPPLIES LTD
medisolvehealth@gmail.com,MEDISOLVE HEALTHCARE LIMITED
sales@medispec.co.ke,MEDISPEC KENYA LTD
info@medistusltd.com,MEDISTUS LIMITED
sales@medixafrica.com,MEDIX EAST AFRICA LIMITED
info@medocal.co.ke,MEDOCAL LIMITED
sales@meds.or.ke,MEDS
merianinvestmentltd@gmail.com,MERIAN INVESTMENTS LTD
info@meximedafrica.com,MEXIMED AFRICA LTD
midmed10@gmail.com,MIDMED EAST AFRICA LTD
info@mig-kenya.com,MIG KENYA
milestepmedical@yahoo.com,MILESTEP MEDICAL & SURGICAL SUPPLIES
info@msm.co.ke,MSM MEDICAL EQUIPMENTS LIMITED
nitin.m@nelent.com,NAIROBI ENTERPRISES LIMITED
info@neurophysiologyservices.co.ke,NAIROBI NEUROPHYSIOLOGY SERVICES LIMITED
info@nxsltd.com?,NAIROBI XRAY SUPPLIES LTD
neogensurgicals@gmail.com,NEOGEN SURGICALS LIMITED
sales@omsaidistributors.com,OMSAI DISTRIBUTORS LTD
lennyngeno@orthomedics.org,ORTHOMEDICS & PHARMACEUTICALS ELDORET LTD
paramedichealthcare@gmail.com,PARAMEDIC & HEALTHCARE SUPPLIES LTD
pharmabranding@yahoo.com,PHARMA BRANDING LTD
phtlsales@phillipskenya.com,PHILLIPS HEALTHCARE TECHNOLOGIES LTD
sales@ptlkenya.com,PHILLIPS THERAPEUTICS LIMITED
sales@prodigyhealthcare.co.ke,PRODIGY PHAMACEUTICALS LIMITED
customercare@protalimited.co.ke,PROTA LIMITED
info@pulsehealthcarekenya.com,PULSE HEALTHCARE LIMITED
info@qlinicahealthcare.co.ke,QLINICA HEALTHCARE LIMITED
sales@quantumscientific.co.ke,QUANTUM SCIENTIFIC LIMITED
retina@africaonline.co.ke,RETINA (E.A) MEDICAL SUPPLIERS LTD.
rkaymedicalsupplies@gmail.com,RKAY MEDICAL SUPPLIES
rycedentalsupplies2000@yahoo.com,RYCEDENTAL SUPPLIES LTD
jacinta.ngugi@saipharm.com,SAI PHARMACEUTICALS LIMTIED
sarayakenya@gmail.com,SARAYA KENYA COMPANY LIMITED
info@sciencescope.co.ke,SCIENCESCOPE LTD
roshnipatel@scortissurgipharma.com,SCORTIS EAST AFRICA LIMITED
almeida_oliver@sharmaortho.com,SHARMA ORTHOPEDIC
info@soilex.co.ke,SOILEX PROSOLVE LIMITED
sopphirebobby@gmail.com,SOLUTIONS MEDICAL SYSTEM LTD
info@statim.co.ke,STATIM PHARMACEUTICALS LTD
plnjogu@yahoo.com,SUPPLY SOLUTION ENTERPRISES LIMITED
info@surgilabs.com,SURGILABS LTD
surgimed@wananchi.com,SURGIMED HEALTHCARE SUPPLIES LTD
arunga@surgipharm.com,SURGIPHARM LTD
info@surgiselltd.com,SURGISEL LTD
julius@synthecon.co.za,SYNTHECON KENYA LIMITED
info@transafricamedical.co.ke,TRANSAFRICA MEDICAL SUPPLIES LTD
transpharmahealthcare@gmail.com,TRANSPHARMA HEALTHCARE CO. LIMITED
travysupplies@gmail.com,TRAVY GENERAL SUPPLIES
tenders@uniselltd.com,UNISEL PHARMA (K) LTD
info@vanguard-group.org,VANGUARD LIMITED
info@vanmedltd.com,VANMED LIMITED
krunal.raval@vigormedical.org,VIGOR MEDICAL KENYA LIMITED
villasurgicals@yahoo.com,VILLA SURGICAL AND EQUIPMENTS LIMITED
viridiancompanylimited@gmail.com,VIRIDIAN COMPANY LIMITED
sales@autosterileea.biz,AUTOSTERILE (EA) LTD
mobarasa254@gmail.com,BARICHEM PHARMACEUTICAL LTD
customerservice.ke@bayer.com,BAYER EAST AFRICA LIMITED
sales@beleapharmacy.co.ke,BEL-EA PHARMACY LTD
sales@cosmos-pharm.com,COSMOS LIMITED
sales.ngo@dawalifesciences.com,DAWA LIMITED
operations@europakenya.com,EUROPA HEALTHCARE LTD
euroxpharmaceuticals@hotmail.com,EUROX PHARMACEUTICALS LIMITED
lydia.achieng@genericsafrica.com,GENERICS AFRICA LTD
pharmaceuticals@highchem.ke,HIGHCHEM MARKETING LIMITED
sales@inspirekenya.co,INSPIRE PHARMACEUTICALS LIMITED
joshansen-kenya.com,JOS. HANSEN & SOEHNE( E.A) LTD
sales@kentpharma.co.ke,KENT PHARMACEUTICALS KENYA LIMITED
INFO@KEMSA.CO.KE,KENYA MEDICAL SUPPLIES AUTHORITY
sales@krishnachemists.com,KRISHNA CHEMISTS LIMITED
sales@kulal-international.com,KULAL INTERNATIONAL LTD
institutionsales@laballied.com,LABORATORY & ALLIED LTD
institutions@madawa.co.ke,MADAWA PHARMACEUTICALS
aumpharmaltd@gmail.com,Aum Pharmaceuticals Ltd.
info@meditecsystems.net,MEDITEC SYSTEMS LIMITED
medservsupplies@gmail.com,MEDSERV AFRICA LIMITED
willis.nationalpharmacy@gmail.com,NATIONAL PHARMACY LIMITED
nextgenpharmake@gmail.com,NEXTGEN PHARMACEUTICALS (K) LTD
nilapharm2@gmail.com,NILA PHARMACEUTICALS LIMITED
sales@omaera.com,OMAERA PHARMACEUTICALS LIMITED
medicalenquiries@panpharmaceuticals.co.ke,PAN PHARMACEUTICALS LTD
pslsales@phillipskenya.com,PHARMA SPECIALITIES LTD
info@pharmacohealthcare.com,PHARMACO HEALTHCARE
nbidental@pharmaken.net,PHARMAKEN LIMITED
info@pharmasell.co.ke,PHARMASELL LIMITED
sales@pillpackhealthcare.co.ke,PILL PACK HEALTHCARE LIMITED
info@psmpharma.co.ke,PSM PHARMACEUTICALS LTD
reddyspharmaltdkenya@gmail.com,REDDYS PHARMA
shelina@ripplepharma.com,RIPPLE PHARMACEUTICALS LTD
sales@salamapharmaceuticals.com,SALAMA PHARMACEUTICALS LTD
sales@signaturehealthcareltd.com,SIGNATURE HEALTHCARE LIMITED
simbapharma20@gmail.com,SIMBA PHARMACEUTICALS LIMITED
surgi@surgilinksltd.com,SURGILINKS LTD
sales@symbio.co.ke,SYMBIO HEALTHCARE LIMITED
stores@syner-medkenya.com,SYNER-MED PHARMACEUTICALS
nickson.okoth@ucl.co.ke,UNIVERSAL CORPORATION
denmunga@hotmail.com,UNIVERSAL SURGICALS
sales@wessexpharma.com,WESSEX PHARMACEUTICALS LIMITED
admin@zawadihealthcare.com,ZAWADI HEALTHCARE LTD
sales@bennmann.co.ke,BENNMANN LIMITED
biikeitrading@gmail.com,BIIKEI TRADING LTD
info@crownjewel.co.ke,CROWN JEWEL ENTERPRISES LIMITED
info@discount-ventures.com,DISCOUNT VENTURES LIMITED
estrellacareco@gmail.com,ESTRELLA SCRUBS & MEDICAL SUPPLIES
info@graduationgowns-kenya.co.ke,EVENTS & GOWNS BEST SUPPLIES
joysharenterprises@gmail.com,JOYSHAR ENTERPRISES LIMITED
kema@kema.co.ke,KEMA (EA) LTD
factory@kenknit.com,KEN-KNIT (KENYA) LTD
presmicsupplies@gmail.com,PRESMIC GENERAL SUPPLIES
lucywaiharo628@gmail.com,LUCY KIRIA WAIHARO
sacredroyalapparelltd@gmail.com,SACRED ROYAL APPAREL LTD
info@simpetkenya.co.ke,SIMPET KENYA LIMITED
info@spikecollections.com,SPIKE COLLECTIONS LIMITED
info@sportsstation.co.ke,SPORTS STATION
info@spotonent.co.ke,SPOT ON ENTERPRISES
info@sujuzi.com,SUJUZI  AGENCIES LIMITED
sundew.inc@gmail.com,SUNDEW VENTURES LIMITED
info@surgident.co.ke,SURGIDENT LIMITED
timmursik@gmail.com,TEAM MURSIK ENTERPRISES?
info@teenyfashions.com,TEENY FASHIONS LIMITED
sales@capet.co.ke,THIKA CLOTH MILLS LIMITED
catherine@vajas.com,"VAJA'S MANUFACTURERS LIMITED"
arthurgachinga12@gmail.com,ALNAEIM ENTERPRISES
jmwangi69.jm@gmail.com,AMAZING GRACE WHOLESALERS
sales@asami.co.ke,ASAMI KENYA LIMITED
ayunahnaturalproducts@gmail.com,AYUNAH NATURAL PRODUCTS
orders@festivebrands.co.ke,D.P.L FESTIVE LTD
info@bakerscorner.co.ke,BAKERS CORNER LIMITED
sales@farmerschoice.co.ke,FARMERS CHOICE LIMITED
felix.musau@galanaenergies.com,GALANA ENERGIES LIMITED
freshadairy@fresha.co.ke,GITHUNGURI DAIRY FARMERS CO-OPERATIVE SOCIETY
MUIGA47@GMAIL.COM,JACKSON MUIGA ITUTIRE
jumlacuts@gmail.com,JUMLA CUTS LTD
kawinzijanet@gmail.com,LEKAMU SUPPLIES LIMITED
sales.limurufresh@gmail.com,LIMURU DAIRY FARMERS CO-OPERATIVE SOCIETY LTD
mburumaryanne151@gmail.com,MARY WAITHERA MBURU
,MOSES MACHARIA
paulmwangiimu@gmail.com,MASOPAWA ENTERPRISES
kubwamanager@naivas.co.ke,NAIVAS LIMITED
bulksales@protoenergy.com,PROTO ENERGY LTD
marketing@qmpkenya.com,QUALITY MEAT PACKERS LTD
samkari04@yahoo.com,SAMUEL NJUGUNA KARIUKI
stellokenya13@gmail.com,STELLO KENYA LTD
thuosuzzie@gmail.com,SUSAN THUO
info@tropicalheat.co.ke,TROPICAL HEAT LIMITED
victoria.kimani@agilecloud.co.ke,AGILE CLOUD LIMITED
solutionsamina@gmail.com,AMINTECHNOLOGY SOLUTIONS & SUPPLIES
amkonconstruction@gmail.com,AMKON CONSTRUCTION LIMITED
info@anova.co.ke,ANOVA COMMUNICATIONS LTD
tnjuguna@ppliedprinciple.co.ke,APPLIED PRINCIPLES LIMITED
info@bititecsystems.com,BITITEC SYSTEMS AND SUPPLIERS LTD
dennisg@cragroup.co.ke,COMPUTER REVOLUTION AFRICA GROUP
sales@crimsoncomputers.co.ke,CRIMSON COMPUTER SERVICES LTD
sales1@innovativecomputers.co.ke,INNOVATIVE COMPUTERS LTD
digitalleo@digitalleo.co.ke,DIGITAL LEO LIMITED
jaydigitalsols@gmail.com,JAYDIGITAL SOLUTIONS LTD
info@maarstechkenya.com,MAARS TECHNOLOGIES LTD
sales2@marutios.com,MARUTI OFFICE SUPPLIES LIMITED
sales@neptune.co.ke,NEPTUNE TECHNOLOGIES LTD
info@newagetraders.co.ke,NEW AGE TRADERS LIMITED
info@smartedge.co.ke,SMARTEDGE EAST AFRICA LIMITED
evans@technobizsolution.com,TECHNOBIZ BUSINESS SOLUTIONS KENYA LIMITED
jasper.mwasi@xrxtechnologies.co.ke,XRX TECHNOLOGIES LIMITED
info@zeenarkenya.com,ZEENAR KENYA LTD
akl@achelis-group.com,ACHELIS KENYA LIMITED
dham.jasani@ashcott.com,ASHCOTT LIMITED
SALES@BAYLEM.COM,BAYLEM LIMITED
benchtopautomation@gmail.com,BENCHTOP AUTOMATION LIMITED
bioquestkenya@yahoo.com,BIOQUEST KENYA LTD
info@bioteclabk.co.ke,BIOTEC LABARATORIES KENYA LIMITED
,"""CHOSEN"
gavin.khamasi@ge.com,GE EAST AFRICA SERVICES LIMITED
sales@hasscientific.com,HASS SCIENTIFIC & MEDICAL SUPPLIES LTD
info@hilley-consultants.com,HILLEY CONSULTANTS LIMITED
sales@hiwot.co.ke,HIWOT ENTERPRISES LIMITED
irmin.limited@gmail.com,IRMIN LIMITED
ltdmedquip@gmail.com,MEDQUIP LIMITED
sales@nelent.com,NAIROBI ENTERPRISES LIMITED
yousra@neoscienceafrica.com,NEO SCIENCE AFRICA
michael.ayieko@philips.com,PHILIPS EAST AFRICA LIMITED
rosamogenerals@gmail.com,ROSAMO GENERAL SUPPLIERS LIMITED
info@sam-techdiagnostics.com,SAM-TECH DIAGNOSTICS LTD
kenneth@antarc-ke.com,ANTARC LIMITED
sales@infinity-ke.com,INFINITY FURNITURE LTD
msms172@yahoo.com,MOHINDER SINGH MOHAH SINGH KENYA LTD
y.ndungu@munshiram.com,MUNISHIRAM INTERNATIONAL BUSINESS MACHINES LIMITED
patrobaobure2015@gmail.com,PATROBA OCHIENG OBURE
timjoints@gmail.com,TIM JOINTS LTD
sales@victoriaoffice.co.ke,VICTORIA FURNITURE
joseph@bluering.co.ke,BLUE RING PRODUCTS LTD
sales.bulvapureventures@gmail.com,BULVA PURE VENTURES LIMITED
skillslimited@gmail.com,CATSKILL ENTERPRISES
sales@chandaria.com,CHANDARIA INDUSTRIES LTD
susan@kimfay.com,KIMFAY EAST AFRICA LIMITED
nallathuo@yahoo.com,NALLA AGENCIS LTD
sales@odexchem.co.ke,ODEX CHEMICALS LTD
progresosolutions@zoho.com,PROGRESO SOLUTIONS LIMITED
salesnairobi@reliefline.net,RELIEFLINE(KENYA)LTD
sales@stalitesystems.co.ke,STALITE SYSTEMS CO. LIMITED
stevecoea@yahoo.com,STEVECO CHEMICALS (E.A) LTD
xpatproducts@gmail.com,XPAT PRODUCTS SERVICES LIMITED
phyllis@zenkokenya.com,ZENKO KENYA LIMITED
sales@afritechsupplies.com,AFRITECH GENERAL SUPPLIES LIMITED?
bensonwaweru52@gmail.com,BENSON WAWERU NGURU
sales@citygeneral.co.ke,CITY GENERAL STORES LIMITED
sales@comhard.biz,COMHARD LIMITED
danielnderi3@gmail.com,DANIEL KARIUKI NDERI
kagshardware@yahoo.com,KAGS TRADING COMPANY LTD
kamaugibsons46@gmail.com,KGIM SERVICES
info@nemsitools.co.ke,NEMSI TOOLS CO.LTD
info@netline.co.ke,NETLINE TECHNOLOGIES LIMITED
pemcoenterltd@gmail.com,Pemco Enterprises Ltd
sales@premiumtoolsltd.com,PREMIUM TOOLS AND EQUIPMENT(K) LTD
riftvalley.lighting@gmail.com,RIFT VALLEY LIGHTING CO. LTD
info@seh.co.ke,SKYLAR ELECTRICALS AND HARDWARE (K) LIMITED
info@timbercorner.com,TIMBER CORNER LTD
wakefieldcons@gmail.com,WAKEFIELD ENGINEERING & CONSTRUCTION LTD
sales@zambezilink.co.ke,ZAMBEZI LINK (K) LTD
adolalaboratories@gmail.com,ADOLA LABORATORIES
info@chem-labs.com,CHEM-LABS LIMITED
info@eurolabltd.com,EUROLAB SERVICES LIMITED
salesadmin@fnscientific.com,F & S SCIENTIFIC LTD
support@ketonconsulting.com,KETON CONSULTING LIMITED
info@labnalms.co.ke,LABNAL MEDICAL SOLUTIONS LTD
info@leudchemicals.com,LEUD (A) CHEMICALS LTD
info@luedafrica.com,LUED (A) CHEMICALS LTD.
sales@medionics.co.ke,MEDIONICS HEALTHCARE LIMITED
sales@medisurelab.co.ke,MEDISURE LABORATORY SUPPLIERS LIMITED
sales@surgipathealtd.co.ke,SURGIPATH SERVICES E.A LTD
sales@technomed.co.ke,TECHNOMED LTD
info@tsgk.co.ke,THE SCIENTIFIC GROUP (K) LTD
info@elwakprinters.co.ke,ELWAK PRINTERS & STATIONERS
lecynagencies@yahoo.com,LECYN AGENCIES
john@pacificstationers.com,PACIFIC STATIONERS (K) LIMITED
sales@saioffice.co.ke,SAI OFFICE
stationerysales@tbc.co.ke,TEXT BOOK CENTER LIMITED
info@paperhouseke.com,THE PAPER HOUSE OF KENYA LIMITED
info@mediquipglobal.org,MEDIQUIP GLOBAL LTD
medisoftea@gmail.com,MEDISOFT EAST AFRICA LIMITED
info@memtechelectrical.com,MEMTECH ELECTRICAL SERVICES LIMITED
info@metisec.com,METISEC IMAGING SOLUTIONS LTD
swakhungu@plenser.com,PLENSER LIMITED
radtecheastafrica@gmail.com,RADTECH EAST AFRICA CO. LIMITED
jackw@repelectric.net,REPELECTRIC KENYA LIMITED
institutions@acepharm.co.ke,ACE PHARMACEUTICALS LTD
lords@swiftkenya.com,LORDS SWIFT KENYA LTD
info@indepthscientific.com,INDEPTH SCIENTIFIC COMPANY LIMITED
veteran.pharma@yahoo.com,VETERAN PHARMACEUTICALS LIMITED
sales@galaxypharma.co.ke,GALAXY PHARMACEUTICALS
sales@advacarepharma.com,Advacare
info@betacare.co.ke,Beta Healthcare
sphinx@sphinx.co.ke,Sphinx
sales@aster-health.com,Aster Health
info@biodeal.co.ke,Biodeal
info@biopharmaltd.com,Bio Pharma
info@kenyamed-engineering.com,Kenya Med Engineering
servicedesk@ctgafrica.com,CTG Africa
info@ramco-group.com,RAMCO
julius@bitbiz.co.ke,BitBiz
ben@bitbiz.co.ke,BitBiz
razvan.barsan@sap.com,SAP
info@dsl.ke,DSL
csd@ictconsultantskenya.com,ICT Consultants
info@ict-a.com,ICT Africa Consulting Services
info@empire.co.ke,Empire MicrosystemsÊ
sales@itlweb.com,Interactive Technology
info@blueweb.co.ke,Blueweb Technologies
info@octopusict.com,Octopus ICT Solutions
info@symphony.co.ke,Symphony Technologies
info@bostechsolutions.net,Bostech Solutions
sales@healthylife.co.ke,Healthy Life Pharmaceuticals
info@pharmaplus.co.ke,Pharma Plus Ltd
supply@medlinelimited.co.ke,Medline Kenya Limited
contact@pharmakenya.co.ke,Pharma Kenya Ltd
sales@bountypharma.co.ke,Bounty Pharmaceuticals
info@kenyamed.co.ke,Kenya Medical Supplies Agency
orders@suppliesafrica.co.ke,Supplies Africa Ltd
sales@lyonsmedicals.co.ke,Lyons Medicals Ltd
service@africalinen.co.ke,Africa Linen Supplies
info@hospitalmattress.co.ke,Hospital Mattress Ltd
support@vitalpharma.co.ke,Vital Pharma Solutions
contact@eastafricalinen.co.ke,East Africa Linen & Supplies
service@globalmed.co.ke,Global Medical Supplies
orders@africamedica.co.ke,Africa Medica Supplies
emmanuel.lumumba@montgomerygroup.com,Montgomery Group
sales@shopit.co.ke,Shopit
ebrahimelectronics@yahoo.com,Ebrahims Electronics
info@alphamed.co.ke,Alpha Med
info@megascopekenya.com,MegaScope
info@lancet.co.ke,Lancet
customerservice@pathcarekenya.com,Pathcare
kenya.support@metropolisafrica.com,Metropolis
online.orders@tbc.co.ke,Text Book Center
info@aconmedical.com,Acon Medical
info@eelmaliksurgicalltd.ke,MSL
info@vastscientific.co.ke,Vast Scientific Kenya
info@raypharm.co.ke,Ray Pharma
info@medipointekenya.com,Medi Point Kenya
info@urbansurgicalsupplies.co.ke,Urban Surgicals
song@orthopedic-china.com,Orthopedic China
info@apicalmed.com,Apical
support@desertcart.com,Desecart
FSTSMNG33@GMAIL.COM,CENTIIM AGENCIES
TERRYMUNGAI98@GMAIL.COM,REARCTIC VENTURES
JOSPHINEMATHII@GMAIL.COM,GILEH SUPPLIES
dicksonkathinzi2015@gmail.com,DILASONS ENTERPRISES
cosdebenterprises@gmail.com,COSDEB ENTERPRISES
nrhoda02@gmail.com,RODACCIAN LTD
cosdebenterprises@gmail.com,BRESDEC ENTERPRISES
marwalenterprises@gmail.com,Marwal Enterprises
maritimgeffy1@gmail.com,KOMERCI ENTERPRISES
abyrahstationers@gmail.com,ABYRAH STATIONERS
solicomagencies@gmail,SOLUCOM AGENCIES
antonymwinzi@gmail.com,TONES SUPPLIES
sakinyanetwork@gmail.com,SAKINYA NETWORK
josanofficesupplies@gmail.com,JOSAN OFFICE SUPPLIES
rumathienterprises1998@gmail.com,Rumathi Enterprises
orodohrose@gmail.com,SEROMAX INVESTMENT
timexbizhubstationers@gmail.com,TIMEX BIZHUB STATIONERS
hermontltd@gmail.com,Hermont Limited
linkla09@gmail.com,Linklab Pioneers Limited
sheesenterprises68@gmail.com,SHEES ENTERPRISES
edinah.delilah@yahoo.com,DEMLINK ENTERPRISES
vinyakironaldo@gmail.com,VINYAKI 2015 ENTERPRISES
ogeto.edna@gmail.com,EDRINA ENTERPRISES
akoyagnes@gmail.com,KARLGNES ENTERPRISES
damarisgitonga@yahoo.com,DAMKAG GENERAL SUPPLIERS
sherrienterprises@gmail.com,SHERRI ENTERPRISES
rexmeryenterprises@gmail.com,REXMERY ENTERPRISES
riungunicholas@gmail.com,GRANDEUR SUPPLIES
achimojam@yahoo.com,ACHIMAJ ENTERPRISES
codays89@gmail.com,CODAYS ENTERPRISES
ken.origo@gmail.com,KENODIST WEAVER ENTERPRISES
judith.muga@ymail.com,HOGWALTS SERVICES
smathuva2013@gmail.com,NAZUSBA GENERAL SUPPLIERS
aokobeaty@gmail.com,BEULA BIZ SUPPLIERS
riungunick@gmail.com,GIHON SERVICES
tajjyent56@gmail.com,TAJJY ENTEPRISES
momentltd@yahoo.com,MOMENT CONTRACTORS LIMITED
felicomtech@gmail.com,CHAKAMA OFFICE SUPPLIES
joynamagencies@gmail.com,JOYNAM AGENCIES
sandraatemo@gmail.com,SANDIX AGENCIES
charshopenterprises@gmail.com,CHARSHOP ENTERPRISES
rebeccachebo@yahoo.com,TUYUN ENTERPRISES
bosiborililian83@gmail.com,TRENDMART GENERAL SUPPLIES
feswiras1@gmail.com,FESWIRAS ENTERPRISES LIMITED
mugamatrder@gmail.com,MUGAMA TRADERS LIMITED
sam.anderson39@yahoo.co.uk,STOCKPILE SUPPLIES
moderntimes02@gmail.com,MODERNTIMES LIMITED
slpsgeneralsupplies@gmail.com,SLOPES ALL GENERAL SUPPLIES
tony.kanake@yahoo.com,SUMMIS ENTERPRISES
sofykanana@gmail.com,ELIZKA ENTERPRISES
lydwaylimited@gmail.com,LYDWAY LIMITED
tremitenterprises@gmail.com,TREMIT ENTERPRISES
erstewahltech@gmail.com,ERSTE WAHL TECHNOLOGIES
jucomstechnologies@gmail.com,JUCOMS TECHNOLOGIES
ornateventures2017@yahoo.com,ORNATE VENTURES LIMITED
threesixty16@gmail.com,THREE SIXTY BUSINESS SOLUTIONS
phimmyagencies@gmail.com,Phimmy Agencies
viminvestments@gmail.com,Vim Investments Ltd
info@nelig.co.ke,NELIG Group
pikasonagencies@gmail.com,Pikason Agencies Ltd
mahileneterprises30@gmail.com,Mahil Enterprises
evrahmarketingsupplies@gmail.com,Evrah Marketing
business@josyou.com,Josyou Investments
puzzleinvestments@gmail.com,Puzzle Investment
janetekenterprises@gmail.com,Janetek Enterprises
bellezatrading@gmail.com,Belleza Trading
stephenkamu84@yahoo.com,Intra Oceanic Logistics
frimags@gmail.com,Frimaq General Supplies
lawrence1985kinyanjui@gmail.com,Goldfin Logistics
isleinvestments@gmail.com,Isleworth investements Ltd
snsoriki@gmail.com,Nsoriki Agency
fantechenter2015@ggmail.com,Fanatech Enterprises
townrucs@yahoo.com,Town Rucs
eve.waithira@amysomeenterprises.com,Amyson Enterprises
info@ndesnysupplies.co.ke,Ndesny General Supplies Ltd
bluetideagencies@gmail.com,Blue Tide Agencies
lucyanyango90@gmail.com,Lucky Ton Drappers
colliphesglobal@gmail.com,Colliphes Global
zanasgifts@gmail.com,Zanas Gifts Supplies
rivervilleenterprises@gmail.com,Riverville Enterprises
gabbyagencies@yahoo.com,GABBY AGENCIES LIMITED
info@mpissl.co.ke,MASTER PIECE INTERNATIONAL SUPPLIES & SERVICES LTD
maunaeastfrica@yahoo.com,MAUNA EAST AFRICA CLEANING SERVICES
heneetrepreneurship@gmail.com,HENE ENTREPRENEURSHIP
info@tiancar.co.ke,TIANCAR ENTERPRISES
info@bright-edge.co.ke,BRIGHTEDGE ENTERPRISES
vennessamaliga03@gmail.com,TECH LISHE ENTERPRISE
globecurvegroup@gmail.com,GLOBE CURVE GROUP
shammersolutions@gmail.com,SHAMMER BUSINESS SOLUTIONS
philipexenterprise12@yahoo.com,PHILIPEX ENTERPRISES LIMITED
wangumartha@yahoo.com,FIRST SITE VENTRURES
gitongamorris5@gmail.com,FOMALI INVESTMENT LTD
globalimgltd@gmail.com,IMG GLOBAL LTD
pemutecagencies@gmail.com,PEMUTEC AGENCIES
lydwaylimited@gmail.com,LYDWAY LTD
info@jemwenda.co.ke,JEMWENDA ENTERPRISES
filited3@gmail.com,MICROCARE AGENCIES
countydcc@gmail.com,COUNTY DEVELOPMENT CONTRUCTION
microcareagencies@gmail.com,MICROCARE AGENCIES
b-mazenge@yahoo.com,RITAZESH AGENCIES
SHLEKIC@GMAIL.COM,SHLEKIC COMPANY LTD
info@zimarigroup.com,ZIMARI GROUP
info@zinfaross.com,ZINFAROSS GENERAL ENTERPRISES
nkendaainvestments@gmail.com,NKEDAA INVESTMENTS
josmerservices@gmail.com,JOSMER SERVICES
gracematt00@gmail.com,Gracematt Commercial Investment
moraldenterpriseltd@gmail.com,Morald Joy Enterprises Ltd
danmictraders2014@gmail.com,Danmic Traders
Skillsafricagroup@gmail.com,Skills Africa Group Ltd
debomaagencies@gmail.com,Deboma Agencies
info@thetravelhub.co.ke,The Travel Hub
cloataventures@gmail.com,Cloata Ventures
info@jaytechsupplies.co.ke,Jaytech Supplies
jeriotech@gmail.com,Jeriotech Ventures
kasimaventures@gmail.com,Kasima Ventures
prideartse@gmail.com,Pridearts Enterprises
info@dovedil.com,Dovedil Limited
tinlieagencies8@gmail.com,Tinlie Agencies
tramohventures@gmail.com,Tramoh Ventures
kemingensupplies@gmail.com,Kemin General Supplies
nabinteriors@gmail.com,NAB Interiors & Hardware Ltd
klangat@gmail.com,Pinwheel Enterprises
kenexaxeprises@gmail.com,Kenexax Enterprises
peshw8@gmail.com,Fairmax Agency
mugishaventures85@gmail.com,Mugisha Ventures
TITUSGACHERU85@GMAIL.COM,Brauna Enterprises
lubechaenterprises@gmail.com,LUBECHA ENTERPRISES LIMITED
LUCYNDERI84@GMAIL.COM,RUESAY ENTERPRISES LTD
westmattltd@gmail.com,WESTMATT SUPPLIES LTD
infor@maliasupplies.co.ke,MALIA GENERAL SUPPLIES
MF.NGARE@GMAIL.COM,FRANKIEDAY ENTERPRISES
JOSEPHODEMBOOGUTU@YAHOO.COM,RUMMER ENTERPRISES
OSIDEKAREN@GMAIL.COM,NICKOLETTE GENERAL SUPPLIES & TRANSPORT SERVICES
GLADYSWANGESHI9@GMAIL.COM,GLADENNY ENTERPRISES
mishelaw@gmail.com,MISHELAW GENERAL SUPPLY & CONTRACTORS LTD
mutscolimited@gmail.com,MUTS AND COMPANY LTD
alaken.alaken@yahoo.com,ALLAKEN GENERAL MERCHANTS
tonerstar@yahoo.com,TONER STAR ENTERPRISES
emorresther@gmail.com,MORRESTHER INTER-ENTERPRISES
nojemagencies@gmail.com,NOJEM AGENCIES
tylamerventures@gmail.com,TYLAMER VENTURES
josluprinters@gmail.com,JOSLU ENTERPRISES &PRINTERS
sillexbrands@gmail.com,SILEX BRANDS
muthonimiriam34@yaho.com,KANJOGU MERCHANTS
mbukanaenterprises@gmail.com,MBUKANA ENTERPRISES
Dorcastieno15@gmail.com,DORCATO ENTERPRISES
tulipsbusinesssolutions@gmail.com,TULIPS BUSINESS SOLUTIONS
metvAlarY@gmail.com,MUUO ENTERPRISES
HELLENMWIKALI2013@GMAIL.COM,M/S LENIX GENERAL SERVICES
info@benqsystems.com,BENQ SYSTEM &SUPPLIES LTD
CAROLNDUNE123@GMAIL.COM,CALLYNTECH ENTERPRISES
judithamiani86@gmail.com,DAHBRIEL ENTERPRISE
ANGELLAAMENDI@YAHOO.COM,FOCUSRITE ENTERPRISES
ROSYTECHFASHIONS@GMAIL.COM,ROSYTECH FASHIONS &GENERAL SUPPLIERS
tesmaventures2009@gmail.com,TESMA VENTURES
jetaginvestments3@gmail.com,JETAG INVESTMENTS
Reevad15@gmail.com,REEVAD ENTERPRISES
apexmerchantsupplies@gmail.com,APEX MERCHANTS AND GENERAL SUPPLIES
info@rusainsupplies@co.ke,RUSAIN SUPPLIES
infor@nahsralimited.co.ke,NAHSRA LIMITED
notableworksafrica@gmail.com,NOTABLE WORKS AFRICA LIMITED
info@kreativehunt.co.ke,KREATIV HUNT LIMITED
akumu_charles@yahoo.com,INTERSTATE VENTURES LTD COMPANY PROFILE
armageddonsuppliers@gmail.com,ARMAGEDDON SUPPLIERS
nelima1985@yahoo.com,JUBATUS TRAVEL LTD
gaietyventures@gmail.com,GAIETY VENTURES
94MWALIE@GMAIL.COM,SHEILAND ENTERPRISES
hnmlimited6@gmail.com,HnM Limited
specresources2013@gmail.com,SPEC RESOURCE LTD
PAATECHLTD@GMAIL.COM,PAA TECH
vincentosemba9@gmail.com,VIOSEM ENTERPRISES
perizkesare@gmail.com,PAST GLOBAL
admin@nakurupress.com,NAKURU PRESS EAST AFRICA
nawairesource@gmail.com,NIWAI RESOURCES LIMITED
reservation@riverbaylimited.com,RIVER BAY LIMITED
contactcentre@sifteagleam.com,SIFTEAGLEAM ENTERPRISES
fanyakaenterprise@gmail.com,FANYAKA ENTERPRISE
kertichbetsy@gmail.com,OROBO AGENCIES
irinekalekye@gmail.com,DILIGENT SOLUTIONS ENTERPRISE
zuziventureslid@gmail.com,ZUZI VENTURES CO. LTD
MWEUMICHAEL2015@GMAIL.COM,GODSMANYWAYS SUPPLIES
trizas29@gmail.com,TRE-ZEAH ENTERPRISES
mokejoyenterprises@gmail.com,Mokejoy Enterprises
peglorytechinvestments@gmail.com,PEGLORYTECH INVESTMENTS
gloriaspete94@gmail.com,GLOMARAND ENTERPRISES
cwanderi@jibambeventures.co.ke,JIBAMBE VENTURES LIMITED
info@cratersideenterprises.co.ke,CRATER SIDE ENTERPRISES
info@disk.co.ke,DISK &BOB INVESTMENTS LTD
ewanatraders@gmail.com,EWANA TRADERS
joeykimathi@gmail.com,UPSCALE PACIFIC MERCHANDISE LTD
florencemunyao80@gmail.com,TULIMA SUPPLIES AND INVESTMENTS
faithmusembi9@gmail.com,NZUMBERIE ENTERPRISES
mkiplagat0@gmail.com,FROLIC TRADING SUPPLIES
richardsoneneterprisesltd@gmail.com,RICHARDSON ENTERPRISE
lusakaventures@gmail.com,LUSAKA VENTURES
ukweliblessedsuppliesltd@gmail.com,UKWELI  BLESSED SUPPLIES LTD
info@bellenorthedynamics.com,BELLENORTHE DYNAMICS
fordway2016@gmail.com,FORDWAYS ENTERPISES
ptechsolutionsltd@gmail.com,PTECH SOLUTIONS
isaboke74@gmail.com,JOHUB GENERAL SUPPLIERS
m.parmar@groupmfi.com,MFI DOCUMENT SOLUTIONS Limited
sales@xtranet.co.ke,XTRANET COMMUNICATIONS LIMITED
INFO@JENETWORKS.CO.KE,JENETWORKS VENTURES LTD
joelysupplies@gmai.com,JOELY GENERAL SUPPLIES
info@wingustar.coke,WINGUSTAR SOLUTIONS LTD
info@buddysystems.co.ke,BUDDY SYSTEMS
yourtech@gmail.com,YOURTECH SOLUTIONS LIMITED
info@appkings.co.ke,APPKINGS SOLUTIONS LIMITED
info@surestep.co.ke,SURESTEP SYSTEMS & SOLUTIONS LTD
jarliks.agencies@gmail.com,JARLIKS AGENCIES LIMITED
jantec4@gmail.com,JANTECH TECHNOLOGIES
centerforty17@gmail.com,CENTER FORTY LIMITED
copylinkmasters@gmail.com,COPYLINK MASTERS COMPANY LIMITED
africatimeline@gmail.com,TIMELINE SOLUTIONS
admin@sasahost.co.ke,SASAHOST
info@kenyaweb.com,KENYAWEB.COM
info@kenyawebexperts.co.ke,KENYAWEB MASTERS
info@pinnaclw4systemskenya.net,HOST PINNACLE
info@appkings.co.ke,APPKINGS SOLUTIONS LIMITED
mega@yahoo.com,THE ELITE TIMES VENTURES
sales@xtranet.co.ke,XRX TECHNOLOGIES LIMITED
westinnovations@gmail.com,WEST INNOVATIONS LIMITED
admin@attain-es.com,ATTAIN ENTERPRISES
info@eadatahandlers.co.ke,EAST AFRICAN DATA HANDLERS
lokenogeneralltd@gmail.com,LOKENO GENERAL MERCHANTS
mojuma@trancom.co.ke,TRANSCOM SUPPLIES
sales@xtranet.co.ke,XTRANET COMMUNICATIONS LIMITED
ornateventures2017@yahoo.com,ORNATE VENTURES LIMITED
business@josyou.com,Josyou Investments
janetekenterprises@gmail.com,Janetek Enterprises
bellezatrading@gmail.com,Belleza Trading
frimags@gmail.com,Frimaq General Supplies
jeriteque@gmail.com,JERITEQUE INVESTMENTS
setconcepts@yahoo.com,SET CONCEPTS
uniteqltd@gmail.com,UNI-TEQ LTD
info@kinvest97.co.ke,KINVEST-97 LTD
brixwells@gmail.com,BRIXWELL SOLUTIONS
info@skycorptechnologies.co.ke,SKYCORP TECHNOLOGIES LIMITED
njokijane.jn@gmail.com,JAPATOME ENTERPRISES
info@thateasy.co.ke,THATEASY LIMITED
info@unisyscomputersystems.com,UNISYS COMPUTER SYSTEMS LTD
faibapoweredsolutionsltd@gmail.com,FAIBA POWERED SOLUTIONS LIMITED
info@sleektechnologies.co.ke,SLEEK TECHNOLOGIES LIMITED
desmosolutions1@gmail.com,Desmo Solutions
info@sleektechnologies.co.ke,SLEEK TCHNOLOGIES LIMITED
denmuicompany@gmail.com,DENMUI INTERNATIONAL LIMITED
INFO@JENETWORKS.CO.KE,JENETWORKS VENTURES LTD
info@disk.co.ke,DISK &BOB INVESTMENTS LTD
fordway2016@gmail.com,FORDWAY ENTERPRISES
info@maarstechnologies.com,MAARS TECHNOLOGIES
dongletechnologies@gmail.com,DONGLE TECHNOLOGIES
info@kikosi.co.ke,KIKOSI LTD
sunkingcreations@gmail.com,SUNKEN CREATION
info@petit.com,PETIT BUSINESS
FSTSMNG33@GMAIL.COM,CENTIIM AGENCIES
TERRYMUNGAI98@GMAIL.COM,REARCTIC VENTURES
JOSPHINEMATHII@GMAIL.COM,GILEH SUPPLIES
dicksonkathinzi2015@gmail.com,DILASONS ENTERPRISES
cosdebenterprises@gmail.com,COSDEB ENTERPRISES
nrhoda02@gmail.com,RODACCIAN LTD
cosdebenterprises@gmail.com,BRESDEC ENTERPRISES
maritimgeffy1@gmail.com,KOMERCI ENTERPRISES
solicomagencies@gmail,SOLUCOM AGENCIES
sakinyanetwork@gmail.com,SAKINYA NETWORK
josanofficesupplies@gmail.com,JOSAN OFFICE SUPPLIES
rumathienterprises1998@gmail.com,Rumathi Enterprises
orodohrose@gmail.com,SEROMAX INVESTMENT
timexbizhubstationers@gmail.com,TIMEX BIZHUB STATIONERS
linkla09@gmail.com,Linklab Pioneers Limited
dongletechnologies@gmail.com,DONGLE TECHNOLOGIES
nrhoda02@gmail.com,RODACCIAN LTD
info@zimarigroup.com,ZIMARI VENTURES
joyvivcreations10@gmail.com,JOYVIV CREATIONS
bbundi09@gmail.com,BENMARK GENERAL MERCHANTS LIMITED
paulowaga1@gmail.com,BAKKUS AFRICAN ENTERPRISES
nobilityinvestment@yahoo.com,NOBILITY INVESTMENTS LIMITED
rimucoenterprises@gmail.com,RIMUCO ENTERPRISES LIMITED
rinricinvestment@gmail.com,RINRIC INVESTMENT
tehanltd@gmail.com,TEHAN COMPANY LIMITED
marube.em@gmail.com,EMART SERVICES
samandersonke@outlook.com,WELL ENDOWED COMPANY
rigsuppliesltd@gmail.com,RIG SUPPLIES LIMITED
lethansuppliers@gmail.com,LETHAN SUPPLIERS
jawalett.agencies@gmail.com,Jawalett Agencies
academiaenterprises@gmail.com,Academia Enterprises
saipetouch15@gmail.com,Saipe Touch
business@josyou.com,Josyou Investments
janetekenterprises@gmail.com,Janetek Enterprises
bellezatrading@gmail.com,Belleza Trading
info@jorbraheltons.co.ke,JORBRAH ELTONS KENYA SERVICES
info@rhimmona.com,RHIMMON COMPANY LTD
agency@yahoo.com,ABSOLUTE NEW PREFERENCE AGENCY
muriukisteve@gmail.com,MABS LINK LTD
info@zinfaross.com,ZINFAROSS GENERAL ENTERPRISES
souringeaglesventures@gmail.com,SOARING EAGLES
nasabaz.agencies@gmail.com,NASABAZ Agencies
www.chilcot.co.ke,CHILCOT LIMITED
avendyagencies@gmail.com,AVENDY AGENCIES
tunnelstechnologies@gmail.com,TUNNEL TECHNOLOGIES
visiblygrp@gmail.com,VISIBLY GROUP
leveragemedia.co.ke,LEVERAGE MEDIA
dongletechnologies@gmail.com,DONGLE TECHNOLOGIES
nrhoda02@gmail.com,RODACCIAN LTD
info@zimarigroup.com,ZIMARI VENTURES
www.chilcot.co.ke,CHILCOT LIMITED
info@bhouse.co.ke,BHOUSE LTD
info@sokodirectory.co.ke,SOKO DIRECTORY INVESTMENTS
franc@tdm.co.ke,THE DIGITAL MONKEYS LTD
info@text40.co.ke,TEXT 40 KENYA LIMITED
joyvivcreations10@gmail.com,JOYVIV CREATIONS
lafameproductions@gmail.com,LAFAME PRODUCTION
souringeaglesventures@gmail.com,SOARING EAGLES
tunnelstechnologies@gmail.com,TUNNEL TECHNOLOGIES
leveragemedia.co.ke,LEVERAGE MEDIA
reservations@ngonghotel.com,NGONG HILLS TOTEL
reservations@hadassahotels.co.ke,HADASSAH HOTEL
saleshead@heronhotel.com,HERON PORTICO
woondlansevents@gmail.com,WOONDLAND EVENTS SOLUTION LTD
anyangonyalwal@gmail.com,MARWAL ENTERPRISES
centralreservations@sarova hotels.com,SAROVA HOTELS
sm@fourpointsnairobihurligham.co.ke,KAMCAN PROPERTIES(FOURPOINTS)
bruce.mwenda@serenahotels.com,TOURISM PROMOTION SERVICES (K) LTD(SERENA HOTELS)
wilson.njeru@movenpick.com,GOLF COURSEHOTEL (MOVENPICK HOTEL & RESIDENCES)
caroline.kipkorir@kempinski.com,VILLA ROSA KEMPINSKI
bernard.otieno@radissonblu.com,RADDISON BLU
martin.kidula@cpnairobi.com,CROWNE PLAZA
sales@dthilton.com,DOUBLE TREE BY HILTON
reservations@westonhotel.com,WESTON HOTEL
mary.wanjiru@prideinn.co.ke,PRIDE INN HOTELS
eunicenjoroge@heritagehotels.co.ke,HERITAGE HOTELS(VOYAGER RESORT)
eunicenjoroge@heritagehotels.co.ke,HERITAGE HOTELS (GREAT RIFT VALLEY)
harriet@eserianihotels.co.ke,ESERIANI RESORT
cnyora@enashipai.com,ENASHIPAI RESORT & SPA
jkivuva@superiohotelskenya.com,LAKE NAIVASHA RESORT
reservations@sawelalodges.com,LAKE NAIVASHA COUNTRY HOTEL (SAWELA LODGES)
sales@simbalodges.com,SIMBA LODGES
info@sopalodges.com,SOPA LODGES
info@sweetlake.com,SWEET LAKE NAIVASHA
info@masadahotel.com,MASADA HOTEL