,name,email
401,Universal Corporate Solutions Ltd,Info@unicos.co.ke
402,CHIOMA ENTERPRISES LIMITED,chiomaenterprises@gmail.com
403,NEXT TECHNOLOGIES LIMITED,info@next.co.ke
404,Naseeh holdings limited,NASEEHLIMITED21@YAHOO.COM
405,Biet holding limited,Bietholdingsltd21@yahoo.com
406,Bayete Holdings K Ltd,info@bayeteholdings.com
407,Danka Africa Limited,info@dankaafrica.com
408,Danka Africa Limited,info@dankaafrica.com
409,Salaam Technology Limited,info@salaam.ke
410,Truesurf Kenya Limited,admin@truesurf.co.ke
411,Serianu Limited,info@serianu.com
412,ARGENT CYBER X AFRICA LIMITED,edwin.k@cyberx.co.ke
413,ELEPHANT TECHNOLOGY LIMITED,eastafricapanda@gmail.com
414,STAGS LIMITED,omar@stagslimited.co.ke
415,Tritel Technologies Limited,info@tritel.co.ke
416,TECHSOURCE POINT LTD,info@techsource.co.ke
417,Cloud Productivity Solutions Limited,info@cloudproductivity-solutions.com
418,Cloud Productivity Solutions Limited,info@cloudproductivity-solutions.com
419,STAGS LIMITED,omar@stagslimited.co.ke
420,Cloud IT Limited,faith@cloudit.africa
381,GOLDEN GATE CARGO LIMITED,ggcnbi@hotmail.com
382,Progressive Fibre Ltd,info@progressive.co.ke
383,YABRA TECHNOLOGIES LTD,info@yabratechnologies.com
384,ACTS BUSINESS SYSTEMS LTD,abizysystems@gmail.com
385,Cynergy Technologies Limited,info@cynergy.co.ke
386,Maars Technologies Ltd,maarstech@gmail.com
387,Truesurf Kenya Limited,admin@truesurf.co.ke
388,The Copy Cat Limited,tenders@copycatgroup.com
389,Konvergenz Network Solutions Limited,info@kns.co.ke
390,COMPUTERWAYS LIMITED,info@computerways.co.ke
391,VILCOM NETWORKS LTD,info@vilcom.co.ke
392,MODERN INTERGRATED BUSINESS SOLUTIONS LTD,info@mibskenya.co.ke
393,Eastra Solutions,info@eastrasolutions.co.ke
394,TECHLOAD LIMITED,INFO@TECHLOAD.CO.KE
395,PEREGRINE EAST AFRICA LTD,info@peregrineafricaltd.co.ke
396,Coresys Solutions Ltd,info@coresys.co.ke
397,AMBAND LIMITED,info@amband.co.ke
398,Novel Technologies EA Ltd,pndolo@novel.co.ke
399,AMBAND LIMITED,info@amband.co.ke
400,Universal Corporate Solutions Ltd,Info@unicos.co.ke
361,LociAfrica Limited,dwambua@lociafrica.co.ke
362,POWERSOURCE TECHNOLOGIES CO LTD,sales@powersourcetech.com
363,Com Twenty One Limited,info@com21.co.ke
364,BETTER SHORT MESSAGES SERVICES LIMITED,info@bettersms.net
365,Verossa Ventures ltd,verossaventures@gmail.com
366,Com Twenty One Limited,info@com21.co.ke
367,Davemark solutions ltd,sales@davemarksolutions.co.ke
368,Cloudlogic Limited,info@cloudlogic.co.ke
369,Eclectics International Limited,admin@eclectics.io
370,Eclectics International Limited,admin@eclectics.io
371,Eclectics International Limited,admin@eclectics.io
372,TOTAL SOLUTIONS LIMITED,info@totalsolutions.co.ke
373,COMPUTERWAYS LIMITED,info@computerways.co.ke
374,ACTS BUSINESS SYSTEMS LIMITED,info@absltd.co.ke
375,COMPUTERWAYS LIMITED,info@computerways.co.ke
376,Liquid Telecommunications Kenya Limited,kenyatenders@liquidtelecom.com
377,COMPTON LIMITED,info@compton.co.ke
378,ASBEN LIMITED,parthia23@gmail.com
379,Crescent Tech Limited,customercare@crescent.co.ke
380,Crescent Tech Limited,customercare@crescent.co.ke
341,DIGITAL WORLD PRODIGY LIMITED,dlimited09@gmail.com
342,DIGITAL WORLD PRODIGY LIMITED,dlimited09@gmail.com
343,The Copy Cat Limited,tenders@copycatgroup.com
344,Encapsulated East Africa Limited,lilian.adhiambo@encapsulatedafrica.com
345,BrightPoint Enterprises Ltd,info@brightpointenterprises.co.ke
346,Hiari Solutions Ltd,info@hiarisolutions.org
347,Hiari Solutions Ltd,info@hiarisolutions.org
348,Encapsulated East Africa Limited,lilian.adhiambo@encapsulatedafrica.com
349,EARTHCARE SERVICES LIMITED,info@earthcare.or.ke
350,CENDAH LIMITED,info@cendahltd.co.ke
351,CENDAH LIMITED,info@cendahltd.co.ke
352,CENDAH LIMITED,info@cendahltd.co.ke
353,Legend Power Systems Limited,D.Jabuya@vectorinternational.com
354,Encapsulated East Africa Limited,lilian.adhiambo@encapsulatedafrica.com
355,Encapsulated East Africa Limited,lilian.adhiambo@encapsulatedafrica.com
356,EARTHCARE SERVICES LIMITED,info@earthcare.or.ke
357,EARTHCARE SERVICES LIMITED,info@earthcare.or.ke
358,ASBEN LIMITED,parthia23@gmail.com
359,ZERANI GROUP LIMITED,frankmiki@gmail.com
360,Com Twenty One Limited,info@com21.co.ke
321,Suvence Technologies Limited,info@suvence.com
322,Konvergenz Network Solutions Limited,info@kns.co.ke
323,Konvergenz Network Solutions Limited,info@kns.co.ke
324,Appkings Solutions Limited,info@appkings.co.ke
325,Appkings Solutions Limited,info@appkings.co.ke
326,Appkings Solutions Limited,info@appkings.co.ke
327,MIFANIS VIBRANT GENERAL SUPPLIES,mifanisvibrant2022@gmail.com
328,Technobiz Businesss Solutions,evans@technobizsolution.com
329,Mazurimazuri Technologies Limted,info@mazurimazuri.com
330,The Copy Cat Limited,tenders@copycatgroup.com
331,Panek Investments Co,info@panekinvestments.co.ke
332,Attain Enterprise Solutions Ltd,admin@attain-es.com
333,MILLENIA LIMITED,info@millenia.co.ke
334,DATAMAX CONSULTANCY LIMITED,shamirw@datamax-ke.com
335,MILIKI DEVELOPMENT COMPANY LIMITED,info@milikidevelopment.co.ke
336,Mazurimazuri Technologies Limted,info@mazurimazuri.com
337,Affordable Computer Services (K) Limited,acsgroupke@acskenya.com
338,SENAR TECHNOLOGIES LTD,sales@senartech.com
339,SOFT GEAR TECHNOLOGIES LTD,info@softgear.co.ke
340,DIGITAL WORLD PRODIGY LIMITED,dlimited09@gmail.com
301,Kenya Education Network,info@kenet.or.ke
302,Xtranet Communications Ltd,info@xtranet.co.ke
303,Netplatoon Ventures Limited,info@netplatoon.com
304,NEXT TECHNOLOGIES LIMITED,info@next.co.ke
305,JENETWORKS VENTURES LIMITED,info@jenetworks.co.ke
306,Borasoft Limited,info@borasoft.co.ke
307,Buruj Enterprises limited,buruj1375@gmail.com
308,Buruj Enterprises limited,buruj1375@gmail.com
309,Buruj Enterprises limited,buruj1375@gmail.com
310,Techbiz Infotech Limited,khadijaha@techbizinfotech.com
311,RADIANT SYSTEMS LIMITED,info@radiantsystems.co.ke
312,RADIANT SYSTEMS LIMITED,info@radiantsystems.co.ke
313,Netplatoon Ventures Limited,info@netplatoon.com
314,Digify Solutions Limited,Info@digify.co.ke
315,FLEXWORLD ONLINE COMPANY LIMITED,info@flexworld.co.ke
316,MOWENS AGENCIES LIMITED,MOWENSPRINT@GMAIL.COM
317,FUTURESOFT TECHNOLOGIES LIMITED,info@futuresoft.co.ke
318,Adrian Kenya Limited,info@adriankenya.com
319,Adrian Kenya Limited,info@adriankenya.com
320,Adrian Kenya Limited,info@adriankenya.com
281,Nextgen Networks Limited,info@nextgenke.com
282,Tritel Technologies Limited,info@tritel.co.ke
283,Tritel Technologies Limited,info@tritel.co.ke
284,BLOCKCHAIN AFRICA LTD,info@blockchainafrica.ke
285,AUDIOVISUAL COLLABORATION TECHNOLOGIES LIMITED,admin@act.co.ke
286,NEXT TECHNOLOGIES LIMITED,info@next.co.ke
287,Ninety Merchants Limited,ninetymerchantsltd@gmail.com
288,Tetranet Services Limited,info@tetranet.co.ke
289,Synchronized Technologies Ltd,info@synchcom.co.ke
290,Techmate Solutions,gerald@techmatekenya.com
291,Attain Enterprise Solutions Ltd,admin@attain-es.com
292,ATLANCIS TECHNOLOGIES LIMITED,info@atlancis.com
293,Dynasoft Business Solutions Limited,sales@dynasoft.co.ke
294,Safcom Technologies Limited,info@safcom.co.ke
295,Safcom Technologies Limited,info@safcom.co.ke
296,Safcom Technologies Limited,info@safcom.co.ke
297,FLIR SYSTEMS LTD,info@flirsystems.co.ke
298,Kenya Education Network,info@kenet.or.ke
299,TECHLINK SYSTEMS LIMITED,info@techlink-systems.co.ke
300,Lapin Solutions Limited,info@lapinsolutions.co.ke
261,Dorsa Enterprises Limited,dorsaenterprises@gmail.com
262,Eclectics International Limited,admin@eclectics.io
263,Evail Limited,info@evail.com
264,Velocity Technologies Ltd,info@velocitytech.co.ke
265,POTESTAS TECHNOLOGIES LIMITED,fmasila@potestastechnologies.net
266,Com Twenty One Limited,info@com21.co.ke
267,MASSATECH LIMITED,info@massatech.com
268,SWIFTCOINS MERCHANTS LIMITED,info@swiftcoins.co.ke
269,MONEYWEB SUPPLIES SERVICES LTD,moneyweblimited@gmail.com
270,ONFON MEDIA LIMITED,onfonmedia14@gmail.com
271,Liquid Telecommunications Kenya Limited,kenyatenders@liquidtelecom.com
272,Noorcom Network NNL Limited,admin@noorcomnetwork.co.ke
273,Noorcom Network NNL Limited,admin@noorcomnetwork.co.ke
274,SOFT GEAR TECHNOLOGIES LTD,info@softgear.co.ke
275,SOFT GEAR TECHNOLOGIES LTD,info@softgear.co.ke
276,SOFT GEAR TECHNOLOGIES LTD,info@softgear.co.ke
277,SOFT GEAR TECHNOLOGIES LTD,info@softgear.co.ke
278,AGILE CLOUD LIMITED,info@agilecloud.co.ke
279,IANSOFT TECHNOLOGIES LIMITED,lilian@iansoftltd.com
280,Crescent Tech Limited,customercare@crescent.co.ke
241,SONANT SECURITY SERVICES LIMITED,SONANTKE@GMAIL.COM
242,Professional Digital Systems Limited,info@pdslkenya.com
243,Tibyaan Enterprise Ltd,Iinfo@tibyaan.co.ke
244,Techies Kenya Limited,info@techieskenyaltd.co.ke
245,RYANTEL SYSTEMS LTD,info@ryantelsystems.com
246,Deft Technologies,management@defttech.co.ke
247,Deft Technologies,management@defttech.co.ke
248,Konvergenz Network Solutions Limited,info@kns.co.ke
249,Safcom Technologies Limited,info@safcom.co.ke
250,prime telecoms ltd,mnjeri@primetelecoms.com
251,Velocity Technologies Ltd,info@velocitytech.co.ke
252,Velocity Technologies Ltd,info@velocitytech.co.ke
253,Crescent Tech Limited,customercare@crescent.co.ke
254,THE MICROPOINT SYSEMS LTD,cornelius@micropointsystems.com
255,Dynasoft Business Solutions Limited,sales@dynasoft.co.ke
256,Dynasoft Business Solutions Limited,sales@dynasoft.co.ke
257,Quavatel Limited,info@quavatel.com
258,RENGA TECHNOLOGIES LIMITED,msw@renga.tech
259,InterIntel Technologies Limited,info@interintel.co.ke
260,JKUAT Enterprises Limited,consultancy@jkuates.jkuat.ac.ke
221,Wingustar Solutions Limited,info@wingustar.co.ke
222,SICHERN SOLUTIONS LIMITED,k.mukabi@sichern.co.ke
223,Avuity Limited,info@avuityltd.com
224,ABSIMA LIMITED,absima2019@gmail.com
225,ICT CHOICE SOLUTIONS LIMITED,ictchoiceltd@gmail.com
226,COMPUTERWAYS LIMITED,info@computerways.co.ke
227,Coseke Kenya Limited,julian.muganda@coseke.com
228,Bitwise Digital Solutions Limited,info@bitwise.co.ke
229,University of Nairobi Enterprises and Services Limited,unes@uonbi.ac.ke
230,CARREL TECHNOLOGIES,info@carreltech.com
231,MILLENIUM SOLUTIONS EAST AFRICA LIMITED,info@millenium.co.ke
232,THREECS BUSINESS SOLUTIONS LIMITED,INFO@3CSBUSINESS.CO.KE
233,UNIMAX COMPANY LIMITED,IRENE@UNIMAXLTD.CO.KE
234,IVONA SOLUTIONS LTD,ivonasolutions@gmail.com
235,Stelden East Africa Ltd,consult@stelden.com
236,TELKOM KENYA LIMITED,businessconsulting@telkom.co.ke
237,Syokinet Solutions Limited,accounts@syokinet.co.ke
238,Whitespace Technologies Limited,info@whitespacetec.com
239,MOFTA SECURITY GUARDS SERVICES LIMITED,moffatmwendwa@gmail.com
240,GRATOM BABZ SERVICES LIMITED,gtbabzservices@gmail.com
201,Chui Tech Solutions Ltd,chuitechsolutionsltd@gmail.com
202,Intellinks East Africa Ltd,info@intellinksea.com
203,COMPUTERWAYS LIMITED,info@computerways.co.ke
204,Infologix Kenya Limited,sales@infologix.co.ke
205,ANNEKAM VENTURES LIMITED,annekamven12@gmail.com
206,Growthpad Digital Media Group Limited,strategic@growthpad.co.ke
207,GREEN COM ENTERPRISE SOLUTIONS LIMITED,info@greencom.co.ke
208,AML QUEST SERVICES LTD,amlquestltd@gmail.com
209,Supersource Global Limited,Supersourcegloballtd@gmail.com
210,Jekimwa Enterprises limited,jekimwaenterprises@yahoo.com
211,Jekimwa Enterprises limited,jekimwaenterprises@yahoo.com
212,Jekimwa Enterprises limited,jekimwaenterprises@yahoo.com
213,SPACE-BAR SYSTEMS LIMITED,asmakokha@gmail.com
214,broadVision Limited,sales@broadvisionlimited.com
215,broadVision Limited,sales@broadvisionlimited.com
216,ABNO SOFTWARES INTERNATIONAL LTD,info@abnosoftwares.com
217,SPECICOM TECHNOLOGIES LIMITED,sales@specicom.co.ke
218,XRX Technologies Limited,info@xrxtechnologies.co.ke
219,ABNO SOFTWARES INTERNATIONAL LTD,info@abnosoftwares.com
220,SOFT CONSULT LIMITED,info@softconsult.co.ke
181,MILLENIUM SOLUTIONS EAST AFRICA LIMITED,info@millenium.co.ke
182,MILLENIUM SOLUTIONS EAST AFRICA LIMITED,info@millenium.co.ke
183,Futuristic Limited,info@futuristic.co.ke
184,TELEPOWER ENGINEERING COMPANY LIMITED,official.orion20@gmail.com
185,Outside The Box Africa Limited,info@otbafrica.com
186,Outside The Box Africa Limited,info@otbafrica.com
187,REMERA INVESTMENTS LIMITED,asfialimited@outlook.com
188,BACKUP INTERNATIONAL KENYA LIMITED,info@backupict.com
189,GREENSON HIGHLANDS LIMITED,info@greensonhighlandslimited.co.ke
190,Daltex Limited,DaltexLimited@gmail.com
191,Maars Technologies Ltd,maarstech@gmail.com
192,AML QUEST SERVICES LTD,amlquestltd@gmail.com
193,GIMSC SOLUTIONS LIMITED,gimsgroupco@gmail.com
194,Wingustar Solutions Limited,info@wingustar.co.ke
195,SYSTEMS REENGINEERED LTD,info@sysre.co.ke
196,Onelife Consultants Ltd,onelife@onelifeconsult.com
197,Cryptware Systems Africa Limited,cryptwaresystemsafrica@gmail.com
198,IKOMTECH SOLUTIONS LIMITED,ikoomtechsolutions@gmail.com
199,JUMBA ENGINEERING SERVICES LIMITED,jes@jesltd.co.ke
200,broadVision Limited,sales@broadvisionlimited.com
161,MZULIA INTERNATIONAL LIMITED,info@mzulia.com
162,BRISK SOLUTION COMPANY LIMITED,brenda.oloo@bsl.co.ke
163,BRISK SOLUTION COMPANY LIMITED,brenda.oloo@bsl.co.ke
164,Computech Limited,info@computechlimited.com
165,Evail Limited,info@evail.com
166,Evail Limited,info@evail.com
167,Evail Limited,info@evail.com
168,Cable Options Ltd,info@cableoptions.co.ke
169,FanisiTech Limited,Info@fanisitech.com
170,LASER INFRASTRUCTURE AND TECHNOLOGY SOLUTIONS LIMITED,info@lites.co.ke
171,Crystal Technologies Limited,info@crystaltech.co.ke
172,Crystal Technologies Limited,info@crystaltech.co.ke
173,Crystal Technologies Limited,info@crystaltech.co.ke
174,Broadband Communication Network Limited,anitamusyoka@broadcom.co.ke
175,Exveria Business Limited,Exveriabusiness@gmail.com
176,Dial Up Associates Company Limited,info@dialup.co.ke
177,Dial Up Associates Company Limited,info@dialup.co.ke
178,Techsavanna Company Limited,info@techsavanna.technology
179,Fortune Bestbuys Africa Limited,mohamed.zein2233@gmail.com
180,Boldata Systems Limited,info@boldata.co.ke
121,Skylink Networks Limited,skylinknetworksltd@gmail.com
122,NAMEIA SOLUTIONS,info@nameiasolutions.co.ke
123,Smoothtel and Data Solutions Ltd,sales@smoothtel.com
124,TRYP MERCHANTS LIMITED,AFRILINEL@GMAIL.COM
125,PricewaterhouseCoopers Limited,alice.kamau@pwc.com
126,Fireside Communications Limited,Info@fireside.co.ke
127,Smoothtel and Data Solutions Ltd,sales@smoothtel.com
128,SEACOAST VENTURES LIMITED,SEACOASTVENTURESLIMITED@GMAIL.COM
129,Ridman Enterprises Limited,radman.enterprises@gmail.com
130,POLYGON NETWORK LIMITED,POLYGONKE@GMAIL.COM
131,PERIMAX KENYA LIMITED,perimax.kenyaltd@gmail.com
132,Increate Technologies Limited,info@increatetechnologies.com
133,Tekelbei Investments Limited,tekelbeiinvestments@gmail.com
134,Cybermatics Limited,info@cybermatics.co.ke
135,Cybermatics Limited,info@cybermatics.co.ke
136,Pebble Africa Technologies Limited,info@pebbleafricatech.com
137,Pebble Africa Technologies Limited,info@pebbleafricatech.com
138,Futuristic Limited,info@futuristic.co.ke
139,Ndani Technologies Ltd,info@ndani.co.ke
140,Blackstone Group Limited,eriatmi@gmail.com
101,Microhouse Technologies Ltd,info@microhouse.co.ke
102,KONARK ELECTRICALS,info@konarkelectricals.com
103,Vessel Global Systems Inc Ltd,ngogereuben96@gmail.com
104,NEOTECH KENYA LTD,ceo@liviahealth.com
105,NEOTECH KENYA LTD,ceo@liviahealth.com
106,NEOTECH KENYA LTD,ceo@liviahealth.com
107,NEOTECH KENYA LTD,ceo@liviahealth.com
108,Kivy Systems Limited,KivySystems@protonmail.com
109,Enterprise Information Management Solutions Limited,info@eimsolutions.com
110,Enterprise Information Management Solutions Limited,info@eimsolutions.com
111,Infimind Limited,billy@infimindsolutions.com
112,NESMAJ CONTRACTORS LIMITED,nesmajcontractors@gmail.com
113,Infimind Limited,billy@infimindsolutions.com
114,Altair Retro Ltd,info@altairetro.com
115,Finkraft Fintech limited,Robert.magana@finkraft.tech
116,Konvergenz Network Solutions Limited,info@kns.co.ke
117,Konvergenz Network Solutions Limited,info@kns.co.ke
118,Skylink Networks Limited,skylinknetworksltd@gmail.com
119,Skylink Networks Limited,skylinknetworksltd@gmail.com
120,Skylink Networks Limited,skylinknetworksltd@gmail.com
81,CENTRAL ELECTRICALS INTERNATIONAL LIMITED,ken@centralelectricals.com
82,Sybyl Kenya Limited,sales.ke@sybyl.com
83,ALGEE TECHNOLOGIES LIMITED,info@algeetechnologies.co.ke
84,Tridel Investment Limited,info@tridelinvestment.co.ke
85,Dial Up Associates Company Limited,info@dialup.co.ke
86,Salaam Technology Limited,info@salaam.ke
87,Dial Up Associates Company Limited,info@dialup.co.ke
88,Shamim Investment Limited,shamiminvestment@gmail.com
89,HARNSSEN GROUP LIMITED,info@harnssengroup.com
90,CENTRIC LIMITED,WINNIE@CENTRICLTD.CO.KE
91,CENTRIC LIMITED,WINNIE@CENTRICLTD.CO.KE
92,SECURELINE TECHNOLOGIES LIMITED,elsieireri@secureline.co.ke
93,SMART PEOPLE AFRICA LIMITED,info@spa-limited.com
94,Manage IT Limited,munjal@manageitafrica.com
95,Manage IT Limited,munjal@manageitafrica.com
96,NAMEIA SOLUTIONS,info@nameiasolutions.co.ke
97,NAMEIA SOLUTIONS,info@nameiasolutions.co.ke
98,Kingsway Business Systems Limited,info@kingsway.co.ke
99,Kingsway Business Systems Limited,info@kingsway.co.ke
100,Kingsway Business Systems Limited,info@kingsway.co.ke
61,Sybyl Kenya Limited,sales.ke@sybyl.com
62,Biodex Mapping Limited,kinotid22@gmail.com
63,The Gadget Connect Limited,info@gadgetconnect.co.ke
64,Anchor technologies ltd,sales@anchortechnologies.co.ke
65,SPECICOM TECHNOLOGIES LIMITED,sales@specicom.co.ke
66,SAURUS NETWORKS LIMITED,sales@saurusnetworks.com
67,CITIKOM SYSTEMS LTD,INFO@CITIKOM.CO.KE
68,CITIKOM SYSTEMS LTD,INFO@CITIKOM.CO.KE
69,CITIKOM SYSTEMS LTD,INFO@CITIKOM.CO.KE
70,Pavicon Kenya Limited,info@pavicon.co.ke
71,HM Corporations Limited,info@hmcorporations.com
72,CARNABY HOLDINGS LIMITED,info@carnabyholdings.com
73,CARNABY HOLDINGS LIMITED,info@carnabyholdings.com
74,CARNABY HOLDINGS LIMITED,info@carnabyholdings.com
75,Kotisi Company Limited,info@kotisi.co.ke
76,Kotisi Company Limited,info@kotisi.co.ke
77,AGMOND INTERNATIONAL LIMITED,agmondltd@gmail.com
78,The Copy Cat Limited,tenders@copycatgroup.com
79,CENTRAL ELECTRICALS INTERNATIONAL LIMITED,ken@centralelectricals.com
80,CENTRAL ELECTRICALS INTERNATIONAL LIMITED,ken@centralelectricals.com
41,Servers Zone Limited,sales@serverszonelimited.co.ke
42,Geniebelt Innovators Limited,geniebeltinnovatorsltd@gmail.com
43,Brimat ventures Ltd,brimatventuresltd@gmail.com
44,Vibrant solutions,sales@vibrantsolutions.co.ke
45,KEENSELL VENTURES LIMITED,info@keensellventures.com
46,KEENSELL VENTURES LIMITED,info@keensellventures.com
47,Databit Limited,boaz@databit.net
48,GAP TECH SOLUTIONS LIMITED,info@gaptechsolutions.com
49,Liquid Telecommunications Kenya Limited,kenyatenders@liquidtelecom.com
50,Sohn and Sol Technologies Limited,contact@sohnandsol.com
51,Soliton Telmec Limited,mohamed.aden@soliton.co.ke
52,PricewaterhouseCoopers Limited,alice.kamau@pwc.com
53,Werand Limited,info@werand.co.ke
54,CYBERCK LTD,info@cyberck.co.ke
55,BRESTONE AFRICA LTD,info@brestone.co.ke
56,BRESTONE AFRICA LTD,info@brestone.co.ke
57,BRESTONE AFRICA LTD,info@brestone.co.ke
58,BRESTONE AFRICA LTD,info@brestone.co.ke
59,MS POWERMAX INTERNATIONAL LIMITED,ramah.madiba@powermax.co.ke
60,Sybyl Kenya Limited,sales.ke@sybyl.com
21,Tritel Technologies Limited,info@tritel.co.ke
22,Dawnplus Limited,sales@dawnplus.co.ke
23,BRISMAK ENTERPRISES LIMITED,BRISHINTERNATIONAL@GMAIL.COM
24,SAWA SAWA TRADERS LIMITED,SAWASAWAENTERPRISES1@GMAIL.COM
25,Biometrics Technology Limited,biometricstechnologyint@gmail.com
26,Medici Secure Services Limited,james.wafula.js@gmail.commedici
27,BRISH SOLUTIONS LIMITED,Brishsolutions@gmail.com
28,Jamii Telecommunications Limited,info@jtl.co.ke
29,ASHRON LIMITED,ashronsupplies2018@gmail.com
30,CARRUMS SOLUTIONS LIMITED,carrumsolutions@gmail.com
31,NAVHUB ENTERPRISE SOLUTIONS LTD,george@navhub.co.ke
32,Masley ventures Limited,info@masleyventures.co.ke
33,Appkings Solutions Limited,info@appkings.co.ke
34,Seelano Company Ltd,info@seelano.co
35,SECURELINE TECHNOLOGIES LIMITED,elsieireri@secureline.co.ke
36,SECURELINE TECHNOLOGIES LIMITED,elsieireri@secureline.co.ke
37,SECURELINE TECHNOLOGIES LIMITED,elsieireri@secureline.co.ke
38,ICT CHOICE SOLUTIONS LIMITED,ictchoiceltd@gmail.com
39,ICT CHOICE SOLUTIONS LIMITED,ictchoiceltd@gmail.com
40,Jamii Telecommunications Limited,info@jtl.co.ke
1,SYMPHONY TECHNOLOGIES LIMITED,belinda@symphony.co.ke
2,EUJIM SOLUTIONS LIMITED,support@eujimsolutions.co.ke
3,SABALINK TECHNOLOGIES COMPANY LIMITED,info@sabalink.co.ke
4,Teq Systems Limited,info@teq-systems.com
5,MARTENS AFRICA LIMITED,dmutinyu@yahoo.com
6,MARTENS AFRICA LIMITED,dmutinyu@yahoo.com
7,INSPIRE LUXE LIMITED,inspireluxe@gmail.com
8,INSPIRE LUXE LIMITED,inspireluxe@gmail.com
9,TECHSOURCE POINT LTD,info@techsource.co.ke
10,VISIBILITY TECHNOLOGY SERVICES LIMITED,info@visibility.co.ke
11,Strategic Infrasture Protection Global LTD,info@sipcyber.com
12,Strategic Infrasture Protection Global LTD,info@sipcyber.com
13,Sysco Connect Technology Limited,syscoconnectltd@gmail.com
14,Sysco Connect Technology Limited,syscoconnectltd@gmail.com
15,RYTTECH SERVICES LIMITED,ryttech@gmail.com
16,STIMAL OFFICE SUPPLIES LTD,STIMALOFFICE@YAHOO.COM
17,Mu Technologies - Moi University,jmosonik@mu.ac.ke
18,Megawatt Ingenieria Ltd,info@megawattlimited.com
19,PESA PRINT LIMITED,legal@davanigroup.co.ke
20,PESA PRINT LIMITED,legal@davanigroup.co.ke
421,STAGS LIMITED,omar@stagslimited.co.ke
422,ATLANCIS TECHNOLOGIES LIMITED,info@atlancis.com
423,Ingenuity Business Solutions Ltd,info@ibs.co.ke
424,Megaverse Africa Limited,Lmueni@megaverseafrica.co.ke
425,MAGAL SECURITY SYSTEMS,Jkiaoffice@magalsecurity.co.ke
426,Ecorenet Business Solutions Limited,joseph.muturi@ecorenet.co.ke
427,Digital access and advance resources engineering limited,digitalaccessadvanced@gmail.com
428,Cyfenna Company Ltd,cyfennaltd@gmail.com
429,Pegasus Biotech Ltd,edwin.onchari@pegasusbiotech.co.ke
430,Cloud Productivity Solutions Limited,info@cloudproductivity-solutions.com
431,Gnovation Ltd,box@gnovation.xyz
432,swift technologies ltd,swift.techkenya@gmail.com
433,jubilay merchants,jubilaymerchant@gmail.com
434,Giza Systems Integration Kenya Limited,violet.migot@gmail.com
435,Giza Systems Integration Kenya Limited,violet.migot@gmail.com
436,BLACKWOOD LTD,blackwoodltd@gmail.com
437,MOTECH ENTERPRISES LIMITED,motechenterpriseslimited@gmail.com
438,Citimax Technologies Limited,gkiprono@citimax.co.ke
439,Muhia Capital Investment LTD,muhiacapital@gmail.com
440,LociAfrica Limited,dwambua@lociafrica.co.ke
441,Amrex Kenya Limited,amrexkenyaltd@gmail.com
442,Amrex Kenya Limited,amrexkenyaltd@gmail.com
443,Amrex Kenya Limited,amrexkenyaltd@gmail.com
444,vintage options ltd,optionsvintage@gmail.com
445,WEST NETWORK SOLUTIONS LIMITED,info@westnetworks.co.ke
446,Frontier Optical Networks Limited,sang@fon.co.ke
447,Ezen Partners Limited,patricia.njeri@ezenfinancials.com
448,APPSPOOL BUSINESS SOLUTIONS LIMITED,JOHN.KARIUKI@APPSPOOL.CO.KE
449,Riecotel Technologies Limited,charles.jowi@riecotel.com
450,Masterspace Solutions Limited,info@masterspace.co.ke
451,Masterspace Solutions Limited,info@masterspace.co.ke
452,NAS INTERNATIONAL HOLDINGS LIMITED,info@nasinternational.co.ke
453,EGYPRO EAST AFRICA LIMITED,maged_ezzat@egypro.com
454,Geonet Technologies Ltd,accounts@geonet-tech.co.ke
455,Softcom Business Solutions Limited,info@softcom.co.ke
456,NENAVI GENERAL SUPPLIES LIMITED,sdredah@yahoo.com
457,GOBIM MERCHANTS KENYA LIMITED,GOBIM31@GMAIL.COM
458,THE PRECURSOR LIMITED,theprecusorltd2013@gmail.com
459,COPYLITE TECHNOLOGY K LTD,info@copylitekenya.com
460,THE PRECURSOR LIMITED,theprecusorltd2013@gmail.com
461,UNI-COMM TECHNOLOGIES ENTERPRISES,unicommtech@yahoo.com
462,Pensoft Systems Limited,info@pensoft.co.ke
463,Tritel Technologies Limited,info@tritel.co.ke
464,BAYFORT LIMITED,Bayfortltd@gmail.com
465,SMARTLIX INVESTMENTS LTD,smartlixinvestmentsltd@gmail.com
466,Liance International Company,mashaa324@gmail.com
467,Grant Thornton Advisory East Africa Limited,info@ke.gt.com
468,INTERMASS TECHNOLOGIES EA LTD,intermasstechnologies@gmail.com
469,Techmate Solutions,gerald@techmatekenya.com
470,MIMSTECH TRADING LIMITED,info@mimstech.co.ke
471,APPLE NETWORKING SYSTEMS LIMITED,applenetsystems@gmail.com
472,Bridhok Company Limited,bridhokcompany@gmail.com
473,Ninety Merchants Limited,ninetymerchantsltd@gmail.com
474,NETIS EAST AFRICA,s.iskander@netisgroup.net
475,PECHANT TELEC LIMITED,info@pechanttelec.co.ke
476,Tritek Consulting Ltd,info@tritek.co.ke
477,SOFTNET BUSINESS SYSTEMS LIMITED,info@softnetsystems.net
478,MFI Document Solutions Ltd,a.kiran@groupmfi.com
479,MFI Document Solutions Ltd,a.kiran@groupmfi.com
480,Masterspace Solutions Limited,info@masterspace.co.ke
481,Usercare limited,kevin.o@user-care.com
482,MANSOFT LIMITED,alex@mansoftweb.com
483,Emudhra Kenya Limited,chandra.s@emudhra.com
484,NAS INTERNATIONAL HOLDINGS LIMITED,info@nasinternational.co.ke
485,NAS INTERNATIONAL HOLDINGS LIMITED,info@nasinternational.co.ke
486,NEXTMILE SYSTEMS AND SOLUTIONS LTD,info@nextmile.co.ke
487,Danka Africa Limited,info@dankaafrica.com
488,Spitzer Communications Limited Company,info@spitzercommunications.co.ke
489,Liquid Telecommunications Kenya Limited,kenyatenders@liquidtelecom.com
490,Agile Business Solutions limited,sales@agilebiz.co.ke
491,Matrix Vision Systems Ltd,info@matrixsystems.co.ke
492,Masterspace Solutions Limited,info@masterspace.co.ke
493,NETWORK FOUR OFFICE SOLUTIONS LTD,info@network4sol.com
494,Novel Technologies EA Ltd,pndolo@novel.co.ke
495,Masterspace Solutions Limited,info@masterspace.co.ke
496,NORTHERN BELT LIMITED,NORTHERNBELTLTD@GMAIL.COM
497,LAUSER TECHNOLOGIES LTD,Projects@lausertech.com
498,BASTECH ENTERPRISES LTD,bastech.enterprisesltd@gmail.com
499,One Four Nine Invest Limited,onefournineinvest@gmail.com
500,Globalmark Technologies Ltd,info@globalmarkltd.com
501,Agile Business Technologies ltd,sales@agiletechnologies.co.ke
502,Increate Technologies Limited,info@increatetechnologies.com
503,Smart Plug and Play Limited,smartplugp@gmail.com
504,Databit Limited,boaz@databit.net
505,Databit Limited,boaz@databit.net
506,SPACE-BAR SYSTEMS LIMITED,asmakokha@gmail.com
507,Tycho Consulting Limited,ahmed@tycho.co.ke
508,Tycho Consulting Limited,ahmed@tycho.co.ke
509,Blue Eagle Precision Ltd,info@blueeagle.co.ke
510,Blue Eagle Precision Ltd,info@blueeagle.co.ke
511,LociAfrica Limited,dwambua@lociafrica.co.ke
512,EUROCOM SYSTEMS LTD,info@eurocom.co.ke
513,PIS INTERNATIONAL LIMITED,vincent.were@pisinternational.com
514,A softech limited,sales@a-softech.com
515,Lapcell Technologies,info@lapcelltechnologies.com
516,AssuredTechLtd,dennis.gachuhi@assuredtechltd.com
517,ECO-ORYX SOLUTIONS LIMITED,info@ecooryxsolutions.com
518,Xtranet Communications Ltd,info@xtranet.co.ke
519,CP CABLES LIMITED,madeline.chelangat@cpcables.co.ke
520,PESAFLOW LIMITED,info@pesaflow.com
521,Data plus fiber limited,datafiberopticsolution@gmail.com
522,Wingustar Solutions Limited,info@wingustar.co.ke
523,SOFT CONSULT LIMITED,info@softconsult.co.ke
524,ADCC International East Africa Ltd,vikas.tonge@adcciea.com
525,WilCom Systems Limited,wkerebei@wilcom.co.ke
526,WilCom Systems Limited,wkerebei@wilcom.co.ke
527,WilCom Systems Limited,wkerebei@wilcom.co.ke
528,Widebytes Solutions,info@widebytessolutions.com
529,Widebytes Solutions,info@widebytessolutions.com
530,KIBET CONSULTANTS INTERNATIONAL LTD,kcihosting100@gmail.com
531,MAGNATE VENTURES LIMITED,INFO@MAGNATE-VENTURES.COM
532,MOONROCK INVESTMENT LIMITED,info@moonrockinvestmentslimited.com
533,WilCom Systems Limited,wkerebei@wilcom.co.ke
534,PERMAN GRIC AFRICA LIMITED,info@permangric.com
535,TECHSOURCE POINT LTD,info@techsource.co.ke
536,Tetranet Services Limited,info@tetranet.co.ke
537,MAGFRE ENTERPRISES LIMITED,info@magfre.co.ke
538,Fairton Agencies Limited,fairtonagenciesltd@gmail.com
539,SmartCloud Africa Ltd,admin@smartcloud.co.ke
540,Agile Business Technologies ltd,sales@agiletechnologies.co.ke
541,Techminds Technologies Limited,bbiko@techminds.co.ke
542,Invent Consulting Limited,info@invent.co.ke
543,Cloud IT Limited,faith@cloudit.africa
544,BROADLINKS EAST AFRICA LIMITED,broadlinks01@gmail.com
545,Centre For Innovative Technology Ltd,kabena@citech.co.ke
546,OneConnect Technologies EA Limited,info-ea@oneconnect.co.za
547,Comztech LTD,brian@comztech.com
548,JUMBOSTAR SOLUTIONS LIMITED,info@jumbostar.co.ke
549,FASTOWN E A LIMITED,info@fastown.co.ke
550,Dimension Data Solutions Limited,chris.murathe@dimensiondata.com
551,Spans Ventures Ltd,operations@spansventures.com
552,Dimension Data Solutions Limited,chris.murathe@dimensiondata.com
553,Kiun Communications Ltd,info@kiun.co.ke
554,Netpic Limited,faith@netpic.co.ke
555,Pebble Africa Technologies Limited,info@pebbleafricatech.com
556,Leadway Technologies LLP,info@leadwaystechnologies.com
557,BELL STANDARDS LIMITED,bellstandardsltd@gmail.com
558,BELL STANDARDS LIMITED,bellstandardsltd@gmail.com
559,Metsec Cables Ltd,hemal.doshi@doshigroup.com
560,Chaticom Limited,info@chaticom.net
561,Passive engineering limited,projects@passive.co.ke
562,Impax Business Solutions Limited,info@impaxafrica.com
563,Servtel Communications Limited,Sales@servtel.com
564,LAUSER TECHNOLOGIES LTD,Projects@lausertech.com
565,Silda Enterprise Ltd,info@silda.co.ke
566,Qlick Solutions LTD,info@qlick.africa
567,IMAGE CONNECTIONS LIMITED,imageconnections254@gmail.com
568,Extreme Wireless Kenya Company Limited,info@extremewireless.co.ke
569,ATLANCIS TECHNOLOGIES LIMITED,info@atlancis.com
570,Pavicon Kenya Limited,info@pavicon.co.ke
571,Consoltech Solutions Limited,info@consoltech.co.ke
572,Safaricom PLC,Regulatoryandpublicpolicy@Safaricom.co.ke
573,Merge Systems Limited,info@merge.co.ke
574,SYSTEMS REENGINEERED LTD,info@sysre.co.ke
575,OPTIMAX GROUP LIMITED,info@optimaxgroup.co.ke
576,Bharathbrands Limited,kbcnagarajan@gmail.com
577,Bharathbrands Limited,kbcnagarajan@gmail.com
578,Bharathbrands Limited,kbcnagarajan@gmail.com
579,Pinnacle Integrated Technologies Limited,pinnacle@pintech.co.ke
580,MANTRAD LIMITED,info@mantrad.co.ke
581,Medbook Kenya Limited,info@medbookafrica.com
582,Cybermatics Limited,info@cybermatics.co.ke
583,Coretec Solutions Africa,info@coretec.co.ke
584,SKROMAN SOLUTIONS LIMITED,SKROMANSOLUTIONS@GMAIL.COM
585,Megaverse Africa Limited,Lmueni@megaverseafrica.co.ke
586,House of Technology ltd,joe@hotgroup.co.ke
587,SMART PEOPLE AFRICA LIMITED,info@spa-limited.com
588,Viber Electronics Limited,mbogo@viber.co.ke
589,CPHRM GROUP LIMITED,info@cphrmgroup.co.ke
590,IANSOFT TECHNOLOGIES LIMITED,lilian@iansoftltd.com
591,MOBIPOLL LIMITED,info@mobipoll.co.ke
592,BITITEC SYSTEMS AND SUPPLIERS LTD,info@bititecsystems.com
593,Irasoft enterprise solutions ea ltd,Irasoftsolutions@gmail.com
594,VILCOM NETWORKS LTD,info@vilcom.co.ke
595,Reliance Datatech Ltd,datatech@reliance.systems
596,Metsec Cables Ltd,hemal.doshi@doshigroup.com
597,ATLANCIS TECHNOLOGIES LIMITED,info@atlancis.com
598,Giza Systems Integration Kenya Limited,violet.migot@gmail.com
599,TUSTAWI PROFESSIONAL EDUCATION LIMITED,esther.nyauncho@tustawi.com
600,Tilil Technologies Limited,info@tililtech.com
601,EAST AFRICAN DATA HANDLERS LIMITED,bids@eadatahandlers.co.ke
602,Tilil Technologies Limited,info@tililtech.com
603,DELTOID NETWORKS TRADESK LIMITED,derbytradesk@gmail.com
604,NELSPARTA LTD,info@nelspartaltd.co.ke
605,Cloud IT Limited,faith@cloudit.africa
606,NELSPARTA LTD,info@nelspartaltd.co.ke
607,Professional Digital Systems Limited,info@pdslkenya.com
608,Dimension Data Solutions Limited,chris.murathe@dimensiondata.com
609,Caterika Ltd,info@caterikaltd.co.ke
610,Caterika Ltd,info@caterikaltd.co.ke
611,Attain Enterprise Solutions Ltd,admin@attain-es.com
612,Boardco Software Limited,broadcosolutions@gmail.com
613,Boardco Software Limited,broadcosolutions@gmail.com
614,Boardco Software Limited,broadcosolutions@gmail.com
615,NELSPARTA LTD,info@nelspartaltd.co.ke
616,CENTRIC LIMITED,WINNIE@CENTRICLTD.CO.KE
617,LCT Africa Limited,info@lctafrica.net
618,SYSTEMS REENGINEERED LTD,info@sysre.co.ke
619,SYSTEMS REENGINEERED LTD,info@sysre.co.ke
620,SMART PEOPLE AFRICA LIMITED,info@spa-limited.com
621,Master Brands Limited,info@masterbrands.co.ke
622,Master Brands Limited,info@masterbrands.co.ke
623,Master Brands Limited,info@masterbrands.co.ke
624,Master Brands Limited,info@masterbrands.co.ke
625,Turquoise Solutions Limited,info@turquoise.co.ke
626,Turquoise Solutions Limited,info@turquoise.co.ke
627,Turquoise Solutions Limited,info@turquoise.co.ke
628,Impax Business Solutions Limited,info@impaxafrica.com
629,Impax Business Solutions Limited,info@impaxafrica.com
630,Avuity Limited,info@avuityltd.com
631,Avuity Limited,info@avuityltd.com
632,Avuity Limited,info@avuityltd.com
633,Avuity Limited,info@avuityltd.com
634,Techbiz Infotech Limited,khadijaha@techbizinfotech.com
635,Gravity Solutions Limited,info@gravitysolutions.net
636,Gravity Solutions Limited,info@gravitysolutions.net
637,VISIBILITY TECHNOLOGY SERVICES LIMITED,info@visibility.co.ke
638,VISIBILITY TECHNOLOGY SERVICES LIMITED,info@visibility.co.ke
639,Agile Business Technologies ltd,sales@agiletechnologies.co.ke
640,BLUE ION LIMITED,info@theblueion.com
641,Kinde Engineering Works Limited,engineering@kinde.co.ke
642,Turquoise Solutions Limited,info@turquoise.co.ke
643,Gravity Solutions Limited,info@gravitysolutions.net
644,SerpentCS Africa Ltd,info@erpbox-solutions.com
645,SerpentCS Africa Ltd,info@erpbox-solutions.com
646,SerpentCS Africa Ltd,info@erpbox-solutions.com
647,SerpentCS Africa Ltd,info@erpbox-solutions.com
648,Sky World Limited,info@skyworld.co.ke
649,Sky World Limited,info@skyworld.co.ke
650,Sky World Limited,info@skyworld.co.ke
651,Sky World Limited,info@skyworld.co.ke
652,NELSPARTA LTD,info@nelspartaltd.co.ke
653,INFOCELLTIC SYSTEMS LTD,infocellticsystems@gmail.com
654,Com Twenty One Limited,info@com21.co.ke
655,Dimension Data Solutions Limited,chris.murathe@dimensiondata.com
656,Dynacorp Limited,info@dynacorp.co.ke
657,Headstone security systems limited,infoheadstoneltd@gmail.com
658,Sibasi Ltd,info@sibasi.ltd
659,Cybermatics Limited,info@cybermatics.co.ke
660,TWO WAY COMMUNICATIONS LTD,joseph@twowaycomm.co.ke
661,LANCOM ELECTRICAL AND ELECTRONICS SYSTEMS,LANCOMSYSTEM14@GMAIL.COM
662,MAAT SYSTEMS EAST AFRICA,hello@maat-ea.com
663,NELSPARTA LTD,info@nelspartaltd.co.ke
664,NELSPARTA LTD,info@nelspartaltd.co.ke
665,PEAK CONDOS LIMITED,lynda.ambiyo@riverbank.co.ke
666,GREEN COM ENTERPRISE SOLUTIONS LIMITED,info@greencom.co.ke
667,FLEXWORLD ONLINE COMPANY LIMITED,info@flexworld.co.ke
668,FLEXWORLD ONLINE COMPANY LIMITED,info@flexworld.co.ke
669,FLEXWORLD ONLINE COMPANY LIMITED,info@flexworld.co.ke
670,BLUE ION LIMITED,info@theblueion.com
671,BLUE ION LIMITED,info@theblueion.com
672,Posh IT Limited,joe.mwangi@poshit.co.ke
673,Techbiz Infotech Limited,khadijaha@techbizinfotech.com
674,Techbiz Infotech Limited,khadijaha@techbizinfotech.com
675,Techbiz Infotech Limited,khadijaha@techbizinfotech.com
676,Overseas Technical Support Services Limited,accounts@overseastechinicalservices.com
677,Cyberace Africa Limited,Joy@cyberaceafrica.org
678,Back Track Limited,frank@backtracke.co.ke
679,Agile Business Solutions limited,sales@agilebiz.co.ke
680,Cyberace Africa Limited,Joy@cyberaceafrica.org
681,Cyberace Africa Limited,Joy@cyberaceafrica.org
682,Cyberace Africa Limited,Joy@cyberaceafrica.org
683,GREEN COM ENTERPRISE SOLUTIONS LIMITED,info@greencom.co.ke
684,SMART PEOPLE AFRICA LIMITED,info@spa-limited.com
685,Merge Systems Limited,info@merge.co.ke
686,COMPUTER REVOLUTION REVOLUTION AFRICA,info@cragroup.co.ke
687,EAGLES WORLD WIDE LIMITED,eaglesworldwide50@gmail.com
688,Trans Business Machines Ltd,info@tbm.co.ke
689,Stealth East Africa Limited,info@stealth-ea.net
690,Grande Afrique Consulting Limited,info@grandeafrique.co.ke
691,YABRA TECHNOLOGIES LTD,info@yabratechnologies.com
692,Mashariki Limited,info@mashariki.com
693,Techno Venture ltd,caroline@technoventure.co.ke
694,Agile Business Solutions limited,sales@agilebiz.co.ke
695,Techminds Technologies Limited,bbiko@techminds.co.ke
696,IANSOFT TECHNOLOGIES LIMITED,lilian@iansoftltd.com
697,BITIP SOLUTIONS LIMITED,info@bitipsolutions.com
698,MARUTI_OFFICE_SUPPLIES_LTD,operations2@marutios.com
699,DOTNET AFRICA LIMITED,johnw@wodex.net
700,GREEN COM ENTERPRISE SOLUTIONS LIMITED,info@greencom.co.ke
701,Adevinci Technologies Limited,info@adevinci.co.ke
702,Kobby Technologies Limited,info@kobby.co.ke
703,Kobby Technologies Limited,info@kobby.co.ke
704,NEXT TECHNOLOGIES LIMITED,info@next.co.ke
705,FOSSILS AGENCIES LTD,FAGL767@GMAIL.COM
706,Climate Concepts Adventures Ltd,climate.concepts@yahoo.com
707,Sciencescope,bosco@sciencescope.co.ke
708,Sciencescope,bosco@sciencescope.co.ke
709,Trans Business Machines Ltd,info@tbm.co.ke
710,KENTEK SOLUTIONS LIMITED,kenteksolutions@gmail.com
711,LEKHA TRADING COMPANY LIMITED,lekhatradingcoltd@gmail.com
712,Novel Technologies EA Ltd,pndolo@novel.co.ke
713,VISIBILITY TECHNOLOGY SERVICES LIMITED,info@visibility.co.ke
714,Konvergenz Network Solutions Limited,info@kns.co.ke
715,VISIBILITY TECHNOLOGY SERVICES LIMITED,info@visibility.co.ke
716,CRIMSON COMPUTER SERVICES LIMITED,sales@crimsoncomputers.co.ke
717,BRICATE DEVELOPMENT LIMITED,bricatedevelopment@gmail.com
718,Buruj Enterprises limited,buruj1375@gmail.com
719,Pinnsoft Kenya Limited,edoteya@pinnsoft.co.ke
720,ADK TECHNOLOGIES LIMITED,Grace.Muthoni@adktechnologies.com
721,ADK TECHNOLOGIES LIMITED,Grace.Muthoni@adktechnologies.com
722,ADK TECHNOLOGIES LIMITED,Grace.Muthoni@adktechnologies.com
723,DOUBLE-NET TECHNOLOGIES LIMITED,info@doublenet.co.ke
724,Eastra Solutions,info@eastrasolutions.co.ke
725,PLUTON ICT LTD,info@pluton-ict.com
726,Down To Earth Technologies Limited,info@dte.co.ke
727,BELITRA ENTERPRISES LTD,info@belitraenterprises.co.ke
728,Royce Technologies LTD,roycetechnologies.ltd@gmail.com
729,LASER INFRASTRUCTURE AND TECHNOLOGY SOLUTIONS LIMITED,info@lites.co.ke
730,Icom Technologies Limited,clive@icom.co.ke
731,Maars Technologies Ltd,maarstech@gmail.com
732,Enflique Designs,support@enfliquedesigns.co.ke
733,ORACOM WEB SOLUTIONS LIMITED,admin@oracom.co.ke
734,Extreme Wireless Kenya Company Limited,info@extremewireless.co.ke
735,Extreme Wireless Kenya Company Limited,info@extremewireless.co.ke
736,Extreme Wireless Kenya Company Limited,info@extremewireless.co.ke
737,Opendata Limited,Sales@opendataltd.com
738,BLUE CONSULTING LIMITED,lsadalla@blueconsulting.co.ke
739,AARIFY LTD,edward.bengi@aarify.com
740,AARIFY LTD,edward.bengi@aarify.com
741,Compufix Technologies Limited,info@compufix.co.ke
742,Pebble Africa Technologies Limited,info@pebbleafricatech.com
743,Compsys Technology Ltd,issac@compsystechnology.com
744,RENGA TECHNOLOGIES LIMITED,msw@renga.tech
745,RENGA TECHNOLOGIES LIMITED,msw@renga.tech
746,RENGA TECHNOLOGIES LIMITED,msw@renga.tech
747,RENGA TECHNOLOGIES LIMITED,msw@renga.tech
748,RADIANT SYSTEMS LIMITED,info@radiantsystems.co.ke
749,RADIANT SYSTEMS LIMITED,info@radiantsystems.co.ke
750,Prestige Management Solutions Limited,prestigemngt2003@yahoo.com
751,Coseke Kenya Limited,julian.muganda@coseke.com
752,TSCONECT LIMITED,infotsconect@gmail.com
753,Circuit Business Systems,info@cbskenya.com
754,AFRINET COMMUNICATIONS LIMITED,info@afrinet.co.ke
755,Adapt IT Solutions Limited,claire.maingi@adaptit.com
756,Integrated Supplies and Consultancy limited,duncan@integratedsupplies.net
757,South-End Tech Limited,aoduma@southendtech.co.ke
758,Unumed Ltd,nairobi@unumed.com
759,StreamLAN Solutions EA Ltd,info@streamlan.co.ke
760,Q-AFYA HMIS LIMITED,alex@qet.co.ke
761,ROUTEWAYS INNOVATIVE TECHNOLOGIES LIMITED,routeways.tech@gmail.com
762,Techies Kenya Limited,info@techieskenyaltd.co.ke
763,COMPUTER REVOLUTION REVOLUTION AFRICA,info@cragroup.co.ke
764,TSCONECT LIMITED,infotsconect@gmail.com
765,benq system and supplies ltd,john@benqsystems.com
766,KEYNOTE SYSTEMS LTD,keynotesystemsltd@gmail.com
767,ICONIX BRAND TECHNOLOGIES LIMITED,james.wafula.js@gmail.comy
768,Techno Brain Kenya Ltd,James.mwangi@technobraingroup.com
769,NEOTERIC DEVELOPMENT SOLUTIONS LIMITED,info@ndsgroup.co.ke
770,ARIANS LIMITED,info@arians.co.ke
771,BLUE CONSULTING LIMITED,lsadalla@blueconsulting.co.ke
772,BLUE CONSULTING LIMITED,lsadalla@blueconsulting.co.ke
773,Universal Technology Associates Limited,info@utassociates.africa
774,Procom Networking Solutions Ltd,info@procom-net.co.ke
775,Ecospace Services Limited,services@espace.co.ke
776,Scorpion Consulting Africa Limited,info@scorpionafrica.co.ke
777,TECHSOURCE POINT LTD,info@techsource.co.ke
778,MASTER POWER SYSTEMS LTD,accounts@masterpowers.com
779,MILLENIUM SOLUTIONS EAST AFRICA LIMITED,info@millenium.co.ke
780,SPECICOM TECHNOLOGIES LIMITED,sales@specicom.co.ke
781,SPECICOM TECHNOLOGIES LIMITED,sales@specicom.co.ke
782,DynapicsTec Systems and Solutions Ltd,info@dynapicstec.co.ke
783,Wilken Telecommunications Limited,info@wilken.co.ke
784,Predictive Analytical Resources Limited,info@parl.co.ke
785,WezeshaNet Technologies Ltd,info@wezeshanet.com
786,Tilil Technologies Limited,info@tililtech.com
787,Vitalac International Limited,vitalaclimited@gmail.com
788,MUSTAQIM LIMITED,ABERANUROW2004@YAHOO.COM
789,GREEN COM ENTERPRISE SOLUTIONS LIMITED,info@greencom.co.ke
790,GREEN COM ENTERPRISE SOLUTIONS LIMITED,info@greencom.co.ke
791,Databit Limited,boaz@databit.net
792,Tailored Solutions Limited,info@tailoredsolutions.co.ke
793,Tailored Solutions Limited,info@tailoredsolutions.co.ke
794,Tailored Solutions Limited,info@tailoredsolutions.co.ke
795,Tailored Solutions Limited,info@tailoredsolutions.co.ke
796,RYANTEL SYSTEMS LTD,info@ryantelsystems.com
797,FOSSILS AGENCIES LTD,FAGL767@GMAIL.COM
798,JO WORLD AGENCIES LTD,richard@joworld.co.ke
799,JO WORLD AGENCIES LTD,richard@joworld.co.ke
800,Dynasoft Business Solutions Limited,sales@dynasoft.co.ke
801,Lipton Investment Limited,liptoninvestmentke@gmail.com
802,Pawa IT Solutions Limited,pawait@pawait.co.ke
803,Spitzer Communications Limited Company,info@spitzercommunications.co.ke
804,RYANTEL SYSTEMS LTD,info@ryantelsystems.com
805,NEXTECH NETWORK LTD,info@nextech.co.ke
806,NEXTECH NETWORK LTD,info@nextech.co.ke
807,Biometrics Technology Limited,biometricstechnologyint@gmail.com
808,SYNERGY SYSTEMS EAST AFRICA LIMITED,INFO@SYNERGYSYSTEMS.CO.KE
809,REMERA INVESTMENTS LIMITED,asfialimited@outlook.com
810,EAST STAND TRADERS LIMITED,james.wafula.js@gmail.comx
811,Delta Energy Systems k Ltd,sales@deltaenergysystems.co.ke
812,Down To Earth Technologies Limited,info@dte.co.ke
813,Top Choice Surveillance Limited,tenders@topchoice.co.ke
814,UTUZ INVESTMENTS LIMITED,utuzinvestmentslimited@gmail.com
815,Top Choice Surveillance Limited,tenders@topchoice.co.ke
816,Top Choice Surveillance Limited,tenders@topchoice.co.ke
817,Jeeps Solutions Limited,jeepsolutions2015@gmail.com
818,Usercare limited,kevin.o@user-care.com
819,Finton Logistics Ltd,fintonlogs@gmail.com
820,Revival Software Limited,info@galvanizeafrica.com
821,Informed Systems Ltd,info@informedsystemsltd.com
822,Integrated Supplies and Consultancy limited,duncan@integratedsupplies.net
823,Yazeem Limited,yazeemltd@gmail.com
824,Eastra Solutions,info@eastrasolutions.co.ke
825,Eastra Solutions,info@eastrasolutions.co.ke
826,Eastra Solutions,info@eastrasolutions.co.ke
827,Oaknet Business Limited,info@oaknetbusiness.com
828,BCK KENYA LIMITED,derrick.olum@bck.co.ke
829,MEPP COMMUNICATIONS LTD,info@meppcommunications.com
830,Learnovate Technologies Limited,diana.awuor@learnovate.co.ke
831,VISIBILITY TECHNOLOGY SERVICES LIMITED,info@visibility.co.ke
832,FID PUBLIC RELATIONS LIMITED,fidpublicrelations@gmail.com
833,FID PUBLIC RELATIONS LIMITED,fidpublicrelations@gmail.com
834,DETRIX COMMUNICATION LIMITED,info@detrix.co.ke
835,Tilil Technologies Limited,info@tililtech.com
836,Startappz Limited,office@startappzke.com
837,Artful Eyes Productions Ltd,info@artfuleyes.com
838,Neo Africa Consultants,info@neoafricaconsultants.com
839,MFI Document Solutions Ltd,a.kiran@groupmfi.com
840,Artful Eyes Productions Ltd,info@artfuleyes.com
841,COMPUSYS OFFICE SUPPLIES,compusysoffices@yahoo.com
842,Yazeem Limited,yazeemltd@gmail.com
843,AGMOND INTERNATIONAL LIMITED,agmondltd@gmail.com
844,AGMOND INTERNATIONAL LIMITED,agmondltd@gmail.com
845,APPLIED PRINCIPLES LIMITED,snjuguna@appliedprinciples.co.ke
846,NEW LINKS SUPPLIES LIMITED,info@newlinksupplies.com
847,NEW LINKS SUPPLIES LIMITED,info@newlinksupplies.com
848,Futuristic Limited,info@futuristic.co.ke
849,MEPP COMMUNICATIONS LTD,info@meppcommunications.com
850,MEPP COMMUNICATIONS LTD,info@meppcommunications.com
851,JENETWORKS VENTURES LIMITED,info@jenetworks.co.ke
852,SOFTTECH SOLUTIONS LIMITED,info@softtechsolutions.co.ke
853,COMPUTERWAYS LIMITED,info@computerways.co.ke
854,AUTOMATIC PARK SERVICES,automaticparkservices12@gmail.com
855,Eclectics International Limited,admin@eclectics.io
856,Professional Digital Systems Limited,info@pdslkenya.com
857,Professional Digital Systems Limited,info@pdslkenya.com
858,coran kenya limited,corankenya22@gmail.com
859,AH Consulting,bmwangangi@ahcul.com
860,Counterhouse Consultants Kenya Ltd,bonface.mwangagi@counterhouseconsultants.com
881,DUNECOM TECHNOLOGIES LIMITED,ceo@dunecom.co.ke
882,Muga Electrical Contractors,admin@mugaelectricalcontractors.co.ke
883,Muga Electrical Contractors,admin@mugaelectricalcontractors.co.ke
884,Muga Electrical Contractors,admin@mugaelectricalcontractors.co.ke
885,Muga Electrical Contractors,admin@mugaelectricalcontractors.co.ke
886,RUBY ACE VENTURES LIMITED,info@rubyace.co.ke
887,XC360 EA LTD,abdul@xc360.co.ke
888,Paladin Trading Limited,paladintradinglimited8@gmail.com
889,Dimension Data Solutions East Africa Limited,kenya.info@dimensiondata.com
890,TecFlax Solutions Limited,director@tecflax.co.ke
891,Sybyl Kenya Limited,sales.ke@sybyl.com
892,Sybyl Kenya Limited,sales.ke@sybyl.com
893,WebTribe Limited,jaziz@webtribe.co.ke
894,Cantam Investment Limited,cantaminvestltd@yahoo.com
895,Muga Electrical Contractors,admin@mugaelectricalcontractors.co.ke
896,Cyber Guard Africa Limited,info@cyberguardafrica.com
897,Lixnet Technologies LTD,info@lixnet.net
898,Gravity Limited,e.murithi@gravity.co.ke
899,YABRA TECHNOLOGIES LTD,info@yabratechnologies.com
900,YABRA TECHNOLOGIES LTD,info@yabratechnologies.com
901,ArcBit Solutions Limited,arcbitsltns@gmail.com
902,Aegir Consult Ltd,info@aegirconsult.systems
903,ZOOM BROADBANDS LIMITED,mahatke.hassan@gmail.com
904,BORDERLAND SYSTEM COMPANY LIMITED,admin@borderland.co.ke
905,BORDERLAND SYSTEM COMPANY LIMITED,admin@borderland.co.ke
906,Xtranet Communications Ltd,info@xtranet.co.ke
907,BISMARK TRADERS LTD,info@bismarktradersltd.com
908,KENTEK SOLUTIONS LIMITED,kenteksolutions@gmail.com
909,KENTEK SOLUTIONS LIMITED,kenteksolutions@gmail.com
910,KENTEK SOLUTIONS LIMITED,kenteksolutions@gmail.com
911,BISMARK TRADERS LTD,info@bismarktradersltd.com
912,Lusenaka Company Limited,info@lusenaka.com
913,NELINE SHIPPING AND LOGISTIC ENTERPRISES LIMITED,info@nelinelogisticsenterprisesltd.co.ke
914,Databit Limited,boaz@databit.net
915,GALRICK SYSTEMS,GALRICKSYSTEMS@GMAIL.COM
916,GALRICK SYSTEMS,GALRICKSYSTEMS@GMAIL.COM
917,CAPM STATIONERS,info@capm.co.ke
918,The Copy Cat Limited,tenders@copycatgroup.com
919,MILLENIUM MANAGEMENT CONSULTANTS LTD,ogoti@mmcafrica.com
920,Panache Technohub Limited,info@panachetechnohub.co.ke
921,Databit Limited,boaz@databit.net
922,RICHARDSON ENTERPRISES LIMITED,RICHARDSONENTERPRISESLTD@GMAIL.COM
923,Electroserve Limited,projects1@electroserve.co.ke
924,SENTINEL AFRICA CONSULTING,info@sentinelafrica.co.ke
925,Techminds Technologies Limited,bbiko@techminds.co.ke
926,Techminds Technologies Limited,bbiko@techminds.co.ke
927,Apple works limited,info@appleworks.co.ke
928,Fremont International Associates Limited,info@fremont-intl.com
929,Fremont International Associates Limited,info@fremont-intl.com
930,SAFELINE LIMITED,info@safeline.co.ke
931,Alfa Solutions Limited,asl@reelmicro.com
932,Farsight Africa Group Limited,info@farsightafrica.com
933,Farsight Africa Group Limited,info@farsightafrica.com
934,Comchoice Africa Limited,info@comchoice.co.ke
935,KORANDU LTD,korandu@korandu.com
936,Karibu Connect Limited,info@karibuconnect.com
937,J TOUCH LIMITED,info@jtouchk.ocm
938,Ryatel Fiber Limited,info@ryatel.com
939,PKF Consulting K Limited,consult@ke.pkfea.com
940,Alfa Solutions Limited,asl@reelmicro.com
941,Leadway Technologies LLP,info@leadwaystechnologies.com
942,MODESON HOLDINGS LIMITED,modesonholdingsltd@yahoo.com
943,NEXT TECHNOLOGIES LIMITED,info@next.co.ke
944,COMPUTER REVOLUTION REVOLUTION AFRICA,info@cragroup.co.ke
945,Alternative Communications Limited,info@alternative-comms.co.ke
946,TITANITE TRADERS LTD,TITANITELTD@GMAIL.COM
947,TITANITE TRADERS LTD,TITANITELTD@GMAIL.COM
948,MFI TECHNOLOGY SOLUTIONS LTD,j.singh@groupmfi.com
949,ASFIA INVESTMENTS LIMITED,asfialimited@outlook.com1
950,ASFIA INVESTMENTS LIMITED,asfialimited@outlook.com1
951,WORLDTECH COMPANY LIMITED,worldtechjamia@gmail.com
952,Wodex Technologies Limited,kenya@wodex.co.ke
953,Wodex Technologies Limited,kenya@wodex.co.ke
954,Tazama Interlink Systems LTD,sales@tisafrica.co.ke
955,SENTINEL AFRICA CONSULTING,info@sentinelafrica.co.ke
956,Exveria Business Limited,Exveriabusiness@gmail.com
957,Exveria Business Limited,Exveriabusiness@gmail.com
958,Exveria Business Limited,Exveriabusiness@gmail.com
959,Amity Software Systems Limited,skn@amitysoftware.com
960,intervlan Networks Limited,info@intervlan.co.ke
961,intervlan Networks Limited,info@intervlan.co.ke
962,intervlan Networks Limited,info@intervlan.co.ke
963,intervlan Networks Limited,info@intervlan.co.ke
964,MARWAA GENERAL SUPPLIERS LIMITED,marwaa.general@yahoo.com
965,CHENANIAH SOLUTIONS LIMITED,FAITH@CHENANIAHSOLUTIONS.COM
966,NEXTMILE SYSTEMS AND SOLUTIONS LTD,info@nextmile.co.ke
967,Enterprise Data Foundry Ltd,info@edf.co.ke
968,FOURTELL e-AFRICA LIMITED,info@fourtell-africa.com
969,NEXTMILE SYSTEMS AND SOLUTIONS LTD,info@nextmile.co.ke
970,YABRA TECHNOLOGIES LTD,info@yabratechnologies.com
971,Tribus-TSG Limited,c.otieno@tribus-tsg.com
972,Tribus-TSG Limited,c.otieno@tribus-tsg.com
973,Tribus-TSG Limited,c.otieno@tribus-tsg.com
974,DIGNITY TRADERS LIMITED,info@dignityafrica.com
975,DIGNITY TRADERS LIMITED,info@dignityafrica.com
976,VILCOM NETWORKS LTD,info@vilcom.co.ke
977,Caterika Ltd,info@caterikaltd.co.ke
978,Seidor Kenya Limited,Malab@seidorafrica.com
979,Seidor Kenya Limited,Malab@seidorafrica.com
980,YABRA TECHNOLOGIES LTD,info@yabratechnologies.com
981,PKF Kenya LLP,itassurance@ke.pkfea.com
982,NEXTMILE SYSTEMS AND SOLUTIONS LTD,info@nextmile.co.ke
983,Magna Lights Africa Limited,info@magnaafrica.co.ke
984,Azmasoft Consulting Limited,admin@azmasoft.com
985,DIGNITY TRADERS LIMITED,info@dignityafrica.com
986,DIGNITY TRADERS LIMITED,info@dignityafrica.com
987,JO WORLD AGENCIES LTD,richard@joworld.co.ke
988,Acacia Satlink Limited,bansry.hobson@acaciasatlink.net
989,Novel Technologies EA Ltd,pndolo@novel.co.ke
990,Novel Technologies EA Ltd,pndolo@novel.co.ke
991,ASFIA INVESTMENTS LIMITED,asfialimited@outlook.com1
992,ASFIA INVESTMENTS LIMITED,asfialimited@outlook.com1
993,ASFIA INVESTMENTS LIMITED,asfialimited@outlook.com1
994,lajo engineering works ltd,lajoengineering@gmail.com
995,RICHARDSON ENTERPRISES LIMITED,RICHARDSONENTERPRISESLTD@GMAIL.COM
996,SURESTEP SYSTEMS AND SOLUTIONS LTD,cmbinya@surestep.co.ke
997,DEVIAN KENYA LIMITED,DEVIANKENYA@GMAIL.COM
998,Impax Business Solutions Limited,info@impaxafrica.com
999,Mashariki Limited,info@mashariki.com
1000,Mashariki Limited,info@mashariki.com
1001,Lixnet Technologies LTD,info@lixnet.net
1002,Nightigale Enterprises Limited,nightigalenterprisesltd@gmail.com
1003,JANTEC TECHNOLOGIES LIMITED,jantec4@gmail.com
1004,MFI Document Solutions Ltd,a.kiran@groupmfi.com
1005,MFI Document Solutions Ltd,a.kiran@groupmfi.com
1006,MFI Document Solutions Ltd,a.kiran@groupmfi.com
1007,MFI Document Solutions Ltd,a.kiran@groupmfi.com
1008,Baran Telecom Networks Kenya Limited,info@btn-solutions.co.ke
1009,Data Integrated Limited,Mary@dataintegrated.co.ke
1010,Data Integrated Limited,Mary@dataintegrated.co.ke
1011,LASER INFRASTRUCTURE AND TECHNOLOGY SOLUTIONS LIMITED,info@lites.co.ke
1012,MFI TECHNOLOGY SOLUTIONS LTD,j.singh@groupmfi.com
1013,Down To Earth Technologies Limited,info@dte.co.ke
1014,Caterika Ltd,info@caterikaltd.co.ke
1015,MFI TECHNOLOGY SOLUTIONS LTD,j.singh@groupmfi.com
1016,MFI TECHNOLOGY SOLUTIONS LTD,j.singh@groupmfi.com
1017,Techminds Technologies Limited,bbiko@techminds.co.ke
1018,Trans Business Machines Ltd,info@tbm.co.ke
1019,Bharathbrands Limited,kbcnagarajan@gmail.com
1020,NAMEIA SOLUTIONS,info@nameiasolutions.co.ke
1021,MFI TECHNOLOGY SOLUTIONS LTD,j.singh@groupmfi.com
1022,MFI TECHNOLOGY SOLUTIONS LTD,j.singh@groupmfi.com
1023,Esri Eastern Africa Limited,corporate@esriea.com
1024,Complus Technologies LTD,complustechnologiesltd@gmail.com
1025,Questek Limited,info@questek.co.ke
1026,Computech Limited,info@computechlimited.com
1027,Eleven Degrees Consulting Ltd,evans.kiprotich@team11degrees.com
1028,Dimension Data Solutions Limited,chris.murathe@dimensiondata.com
1029,Nightigale Enterprises Limited,nightigalenterprisesltd@gmail.com
1030,Nightigale Enterprises Limited,nightigalenterprisesltd@gmail.com
1031,evena general agencies limited,evenaltd@gmail.com
1032,KPMG Kenya,info@kpmg.co.ke
1033,Swidge Group Limited,info@swidge.co.ke
1034,Salaam Technology Limited,info@salaam.ke
1035,Optimum Computer Systems Limited,info@optimumsystems.co.ke
1036,Optimum Computer Systems Limited,info@optimumsystems.co.ke
1037,Appkings Solutions Limited,info@appkings.co.ke
1038,ICOM ENGINEERING CO LTD,info@icomltd.com
1039,Optimum Computer Systems Limited,info@optimumsystems.co.ke
1040,Novatech Limited,novatechltd22@gmail.com
1041,BAYCOMS AFRICA LIMITED,admin@baycomsafrica.com
1042,Spectrum Engineering Limited,projects@spectrum.co.ke
1043,MTECH LTD,rnganga@mtechcomm.co.ke
1044,MEGATECH SOLUTIONS LIMITED,info@megatech.co.ke
1045,Kikosi Ltd,info@kikosi.co.ke
1046,Attain Enterprise Solutions Ltd,admin@attain-es.com
1047,TOUCH BEE SOLUTIONS LIMITED,touchbeesolutions@gmail.com
1048,Technology Associates East Africa Limited,mariaw@techno-associates.co.ke
1049,SKYDANCE IT SOLUTIONS,skydanceitsolutions@gmail.com
1050,SAHIHI HAKI LIMITED,sahihitechlimited@gmail.com
1051,Avuity Limited,info@avuityltd.com
1052,Tilil Technologies Limited,info@tililtech.com
1053,Cyberpro Global Ltd,ke@cyberpro.ke
1054,Piem Solutions Ltd,piemsolutions@gmail.com
1055,PINNOSERV LIMITED,pinnoserv@gmail.com
1056,Kinde Engineering Works Limited,engineering@kinde.co.ke
1057,EAST AFRICAN DATA HANDLERS LIMITED,bids@eadatahandlers.co.ke
1058,Conquest Capital,info@conquestcapitalltd.com
1059,PLUTON ICT LTD,info@pluton-ict.com
1060,University of Nairobi Enterprises and Services Limited,unes@uonbi.ac.ke
1061,NEXT TECHNOLOGIES LIMITED,info@next.co.ke
1062,Technology Associates East Africa Limited,mariaw@techno-associates.co.ke
1063,NEXT TECHNOLOGIES LIMITED,info@next.co.ke
1064,TECHSOURCE POINT LTD,info@techsource.co.ke
1065,Technology Associates East Africa Limited,mariaw@techno-associates.co.ke
1066,Audio Visual Control Systems Limited,Info@audiovisualcs.com
1067,TECHNODOT SOLUTIONS,techno4soln@gmail.com
1068,ACTIVEDGE TECHNOLOGIES LIMITED,infokenya@activedgetechnologies.com
1069,Edpaus Supplies and Construction Limited,suppliesandconstructions@gmail.com
1070,Paypoint Technologies ltd,kelvinvinwachai@gmail.com
1071,SIGMOID LOGISTICS LIMITED,admin@sigmoidlogistics.com
1072,SIGMOID LOGISTICS LIMITED,admin@sigmoidlogistics.com
1073,Yelbridges,office@yelbridges.com
1074,Dynasoft Business Solutions Limited,sales@dynasoft.co.ke
1075,Dynasoft Business Solutions Limited,sales@dynasoft.co.ke
1076,ASK International Limited,jeff@askil.co.ke
1077,ASK International Limited,jeff@askil.co.ke
1078,Systech Limited,njoroge@systechafrica.com
1079,Systech Limited,njoroge@systechafrica.com
1080,ATLANCIS TECHNOLOGIES LIMITED,info@atlancis.com
81,ENVISAGE MULTIMEDIA COMPANY LIMITED,envisagemultimedia.ltd@gmail.com
1082,LociAfrica Limited,dwambua@lociafrica.co.ke
1083,ATLANCIS TECHNOLOGIES LIMITED,info@atlancis.com
1084,HARNSSEN GROUP LIMITED,info@harnssengroup.com
1085,Sagemcom Kenya Limited,lorna.kendi@sagemcom.com
1086,HARNSSEN GROUP LIMITED,info@harnssengroup.com
1087,Electricom Solutions Ltd,naomi@electricom.co.ke
1088,Ubora Systems and Solutions Limited,ramkumar@ubora.co.ke
1089,Ubora Systems and Solutions Limited,ramkumar@ubora.co.ke
1090,Cutting Edge Technologies Limited,enquiry@cutting-edge.co.ke
1091,Systech Limited,njoroge@systechafrica.com
1092,FINSPRINT LIMITED,info@finsprint.io
1093,Paypoint Technologies ltd,kelvinvinwachai@gmail.com
1094,Prudmat Technologies Limited,info@prudmat.com
1095,SEACOM KENYA LIMITED,lawi.otieno@seacom.com
1096,RUIBI ELECTRONIC SOLUTIONS LIMITED,ruibi.esl@gmail.com
1097,Appkings Solutions Limited,info@appkings.co.ke
1098,Appkings Solutions Limited,info@appkings.co.ke
1099,NELKA REGIONAL VENTURES LIMITED,nelkaregventures@gmail.com
1100,Ngenx Solutions Limited,kunal.kumar@ngenx.io
1101,Karimu Telcom,karimutelecom@gmail.com
1102,Microlan Solutions Ltd,info@microlansolutions.com
1103,FINSPRINT LIMITED,info@finsprint.io
1104,E AND M TECHNOLOGY HOUSE LTD,info@emtechhouse.co.ke
1105,Optace Networks Ltd,support@optacenetworks.com
1106,LASER INFRASTRUCTURE AND TECHNOLOGY SOLUTIONS LIMITED,info@lites.co.ke
1107,Jamii Telecommunications Limited,info@jtl.co.ke
1108,DOUBLE-NET TECHNOLOGIES LIMITED,info@doublenet.co.ke
1109,Panache Technohub Limited,info@panachetechnohub.co.ke
1110,Panache Technohub Limited,info@panachetechnohub.co.ke
1111,Panache Technohub Limited,info@panachetechnohub.co.ke
1112,Panache Technohub Limited,info@panachetechnohub.co.ke
1113,FINSPRINT LIMITED,info@finsprint.io
1114,SEACOM KENYA LIMITED,lawi.otieno@seacom.com
1115,SEACOM KENYA LIMITED,lawi.otieno@seacom.com
1116,SEACOM KENYA LIMITED,lawi.otieno@seacom.com
1117,ABNO SOFTWARES INTERNATIONAL LTD,info@abnosoftwares.com
1118,Digital Imaging and Scanning International K LTD,info@disigroup.com
1119,Mamoline Solutions Limited,mamosolution78@gmail.com
1120,CENTRIC LIMITED,WINNIE@CENTRICLTD.CO.KE
1121,Digital Imaging and Scanning International K LTD,info@disigroup.com
1122,Munshiram International Business Machines Limited - MIBM,kunalk@munshiram.com
1123,XRXTECHNOLOGIES LTD,kawiranjeru@gmail.com
1124,Foresight TLC,info@foresighttlc.com
1125,FINSPRINT LIMITED,info@finsprint.io
1126,STEWAN COMPUTER GARAGE LTD,stewan18@gmail.com
1127,CARRIX MEDIA GROUP LIMITED,carrixmedia@aol.com
1128,CARRIX MEDIA GROUP LIMITED,carrixmedia@aol.com
1129,FINSPRINT LIMITED,info@finsprint.io
1130,FINSPRINT LIMITED,info@finsprint.io
1131,CloudTimes Kenya Limited,info@cloudtimes.co.ke
1132,Logical Crest Limited,services@logicalcrest.co.ke
1133,Yazeem Limited,yazeemltd@gmail.com
1134,FGEE TECHNOLOGY LTD,info@fgee.co.ke
1135,RIANA INFOTECH LIMITED,info@riana.co
1136,MILLENIUM SOLUTIONS EAST AFRICA LIMITED,info@millenium.co.ke
1137,ATLANCIS TECHNOLOGIES LIMITED,info@atlancis.com
1138,CLOUDWORLD LTD,info@cloudworld.co.ke
1139,COMPUTER REVOLUTION REVOLUTION AFRICA,info@cragroup.co.ke
1140,ABNO SOFTWARES INTERNATIONAL LTD,info@abnosoftwares.com
1141,Frontier Optical Networks Limited,sang@fon.co.ke
1142,Agile Business Technologies ltd,sales@agiletechnologies.co.ke
1143,LASER INFRASTRUCTURE AND TECHNOLOGY SOLUTIONS LIMITED,info@lites.co.ke
1144,CLOUDWORLD LTD,info@cloudworld.co.ke
1145,Caterika Ltd,info@caterikaltd.co.ke
1146,NASTARTECH SOLUTIONS LIMITED,info@nastartech.co.ke
1147,Digireg Kenya Limited,m.kelwa@digireg.co.ke
1148,XRXTECHNOLOGIES LTD,kawiranjeru@gmail.com
1149,SAMIS SOFTWARE LIMITED,samissystems@gmail.com
1150,Rohan Technologies Limited,info@rohan.co.ke
1151,SPECICOM TECHNOLOGIES LIMITED,sales@specicom.co.ke
1152,kompmax solutions ltd,ckchrisben@gmail.com
1153,kompmax solutions ltd,ckchrisben@gmail.com
1154,Tecc Savvy Limited,sales@teccsavvy.com
1155,DATAPOSIT LIMITED,sales@dataposit.co.ke
1156,DATAPOSIT LIMITED,sales@dataposit.co.ke
1157,DATAPOSIT LIMITED,sales@dataposit.co.ke
1158,DATAPOSIT LIMITED,sales@dataposit.co.ke
1159,DATAPOSIT LIMITED,sales@dataposit.co.ke
1160,NETCOLL TECHNOLOGIES LIMITED,info@netcolltechnologies.co.ke
1161,FINSPRINT LIMITED,info@finsprint.io
1162,XRXTECHNOLOGIES LTD,kawiranjeru@gmail.com
1163,CHENANIAH SOLUTIONS LIMITED,FAITH@CHENANIAHSOLUTIONS.COM
1164,Hilley consultants,info@hilley-consultants.com
1165,BLUESWITCH DYNAMIC LIMITED,BLUESWITCHDL@GMAIL.COM
1166,SICHERN SOLUTIONS LIMITED,k.mukabi@sichern.co.ke
1167,NEXTMILE SYSTEMS AND SOLUTIONS LTD,info@nextmile.co.ke
1168,SMART CLICK SOLUTIONS,symo_kip@yahoo.com
1169,ACTIVEDGE TECHNOLOGIES LIMITED,infokenya@activedgetechnologies.com
1170,BITLINK COMPANY LIMITED,sales@bitlink.ke
1171,BITLINK COMPANY LIMITED,sales@bitlink.ke
1172,FARADERE INVESTMENTS LIMITED,abdirahmanhj@gmail.com
1173,ACTIVEDGE TECHNOLOGIES LIMITED,infokenya@activedgetechnologies.com
1174,ACTIVEDGE TECHNOLOGIES LIMITED,infokenya@activedgetechnologies.com
1175,MALIPO CIRCLES LIMITED,esther@malipocircles.com
1176,STAGS LIMITED,omar@stagslimited.co.ke
1177,Auspicious Solutions Limited,auspiciouslimited@gmail.com
1178,sufuri Digital Media Ltd,gizah@sufurimedia.com
1179,Strathmore Research and Consultancy Centre Limited,info@srcc.co.ke
1180,Proscene Systems Limited,info@proscene.co.ke
1181,COMPULYNX LIMITED,vicky.buvaria@compulynx.com
1182,MTECH LTD,rnganga@mtechcomm.co.ke
1183,Wingustar Solutions Limited,info@wingustar.co.ke
1184,Intellspark Limited,info@intellspark.com
1185,Intellspark Limited,info@intellspark.com
1186,Fresco Limited,info@fresco.co.ke
1187,Coseke Kenya Limited,julian.muganda@coseke.com
1188,Coseke Kenya Limited,julian.muganda@coseke.com
1189,Baran Telecom Networks Kenya Limited,info@btn-solutions.co.ke
1190,Syscraft Limited,evans@syscraft.co.ke
1191,System Partners Ltd,info@systempartners.biz
1192,Apprentice Cloud LTD,apprentice.cloud@gmail.com
1193,Smart Applications International Limited,info@smartapplicationsgroup.com
1194,SYSTEM ONE LIMITED,supportadmin@campuscura.com
1195,SYSTEM ONE LIMITED,info@systemoneltd.com
1196,BLUECHIP GLOBAL LIMITED,info.kenya@bluechiptech.biz
1197,BLUECHIP GLOBAL LIMITED,info.kenya@bluechiptech.biz
1198,Regional Business Connection Limited,james@regionalbusinessconnection.com
1199,BLUECHIP GLOBAL LIMITED,info.kenya@bluechiptech.biz
1200,BLUECHIP GLOBAL LIMITED,info.kenya@bluechiptech.biz
1201,BLUECHIP GLOBAL LIMITED,info.kenya@bluechiptech.biz
1202,Baran Telecom Networks Kenya Limited,info@btn-solutions.co.ke
1203,CHENANIAH SOLUTIONS LIMITED,FAITH@CHENANIAHSOLUTIONS.COM
1204,Professional Digital Systems Limited,info@pdslkenya.com
1205,Sybyl Kenya Limited,sales.ke@sybyl.com
1206,Craft Silicon Limited,finance@craftsilicon.com
1207,TANA SOLUTIONS LTD,support@tsl.co.ke
1208,TANA SOLUTIONS LTD,support@tsl.co.ke
1209,PHARMAKEN LIMITED,ceo@pharmaken.net
1210,PHARMAKEN LIMITED,ceo@pharmaken.net
1211,PHARMAKEN LIMITED,ceo@pharmaken.net
1212,NARS Technical Services,peter.sitati@narstech.com
1213,NARS Technical Services,peter.sitati@narstech.com
1214,NARS Technical Services,peter.sitati@narstech.com
1215,Adsec solutions ltd,gikonyo@adsecs.com
1216,Tecnostac Systems Kenya Limited,bernard.macharia@tecnostac.com
1217,Viscar Industrial Capacity Ltd,Mkathenge@viscarcapacity.com
1218,First Advantage Consulting Ltd,ceo@firstadvantageconsulting.com
1219,Sapashe Group Limited,brian@sapashe.com
1220,QUICK START AFRICA LIMITED,info@quickstart.africa
1221,STAGS LIMITED,omar@stagslimited.co.ke
1222,STAGS LIMITED,omar@stagslimited.co.ke
1223,Wodex Technologies Limited,kenya@wodex.co.ke
1224,Teleworks Limited,teleworkslimited@gmail.com
1225,NatureSurf Systems Ltd,info@naturesurf.co.ke
1226,Platinate Solutions limited,Platinatesolutions@gmail.com
1227,Questek Limited,info@questek.co.ke
1228,CENTRIC LIMITED,WINNIE@CENTRICLTD.CO.KE
1229,CENTRIC LIMITED,WINNIE@CENTRICLTD.CO.KE
1230,Jambicom Technologies Ltd,samuel.mburu@jambicom.co.ke
1231,Truesurf Kenya Limited,admin@truesurf.co.ke
1232,University of Nairobi Enterprises and Services Limited,unes@uonbi.ac.ke
1233,MOBIDEV KENYA LIMITED,alice@devs.mobi
1234,Silvertech Networks Limited,info@silvertech.co.ke
1235,Silvertech Networks Limited,info@silvertech.co.ke
1236,Agile Business Solutions limited,sales@agilebiz.co.ke
1237,Com Twenty One Limited,info@com21.co.ke
1238,Xtranet Communications Ltd,info@xtranet.co.ke
1239,MFI MANAGED DOCUMENT SOLUTIONS LIMITED,l.kungu@groupmfi.com
1240,Salute iWorld,info@saluteiworld.com
1241,JUNIPER INTAKES LIMITED,admin@juniper-intakes.com
1242,WiseDigits Limited,info@wisedigits.co.ke
1243,COMPREHENSIVE DEVELOPMENTS LTD,info@comprehensivedevelopments.co.ke
1244,Tycho Consulting Limited,ahmed@tycho.co.ke
1245,Tycho Consulting Limited,ahmed@tycho.co.ke
1246,HIGHEND SOLUTIONS LTD,info@highend-solutions.co.ke
1247,GLOSEC SOLUTIONS LIMITED,JULIAR@GLOSECGROUP.COM
1248,SPARTEC CONSORTIUM AFRICA SCA LIMITED,cochieng@spartec.co.ke
1249,SPARTEC CONSORTIUM AFRICA SCA LIMITED,cochieng@spartec.co.ke
1250,Giza Systems Integration Kenya Limited,violet.migot@gmail.com
1251,Giza Systems Integration Kenya Limited,violet.migot@gmail.com
1252,BRINKER SOLUTIONS LIMITED,info@brinker.co.ke
1253,BRINKER SOLUTIONS LIMITED,info@brinker.co.ke
1254,BRINKER SOLUTIONS LIMITED,info@brinker.co.ke
1255,Engsoft Valley Solutions Ltd,johnpaul@engsoft.co.ke
1256,SURESTEP SYSTEMS AND SOLUTIONS LTD,cmbinya@surestep.co.ke
1257,Adapt IT Solutions Limited,claire.maingi@adaptit.com
1258,Hospitality Systems Consultants Limited,info@hsc.co.ke
1259,BSK Global Technologies LTD,info@bskglobaltech.com
1260,CommCarrier Satellite Services Ltd,jobooka@commcarrier.com
1261,CommCarrier Satellite Services Ltd,jobooka@commcarrier.com
1262,Cloud Productivity Solutions Limited,info@cloudproductivity-solutions.com
1263,Cloud Productivity Solutions Limited,info@cloudproductivity-solutions.com
1264,Boldata Systems Limited,info@boldata.co.ke
1265,Boldata Systems Limited,info@boldata.co.ke
1266,Boldata Systems Limited,info@boldata.co.ke
1267,A-Z TECHNOLOGIES LTD,info@azkenya.co.ke
1268,BRINKER SOLUTIONS LIMITED,info@brinker.co.ke
1269,APPLIED PRINCIPLES LIMITED,snjuguna@appliedprinciples.co.ke
1270,LASER INFRASTRUCTURE AND TECHNOLOGY SOLUTIONS LIMITED,info@lites.co.ke
1271,Agile Business Solutions limited,sales@agilebiz.co.ke
1272,RADIANT SYSTEMS LIMITED,info@radiantsystems.co.ke
1273,LED POWER TECHNOLOGIES EA K LTD,SALES@LPTECHNOLOGY.CO.KE
1274,Digipedia Limited,accounts@digipedia.co.ke
1275,AGILE CLOUD LIMITED,info@agilecloud.co.ke
1276,Techies Kenya Limited,info@techieskenyaltd.co.ke
1277,Universal Technology Associates Limited,info@utassociates.africa
1278,BLUECHIP GLOBAL LIMITED,info.kenya@bluechiptech.biz
1279,LED POWER TECHNOLOGIES EA K LTD,SALES@LPTECHNOLOGY.CO.KE
1280,ITR BUSINESS SOLUTIONS LIMITED,info@itrbizsolutions.co.ke
1281,The Copy Cat Limited,tenders@copycatgroup.com
1282,Appkings Solutions Limited,info@appkings.co.ke
1283,Smoothtel and Data Solutions Ltd,sales@smoothtel.com
1284,HARNSSEN GROUP LIMITED,info@harnssengroup.com
1285,PLUTON ICT LTD,info@pluton-ict.com
1286,Universal Technology Associates Limited,info@utassociates.africa
1287,IDENTIGATE INTEGRATED SOLUTIONS,info@identigate.co.ke
1288,TWINAX LOGISTICS SOLUTIONS,twinaxlogistics@gmail.com
1289,SENTINEL AFRICA CONSULTING,info@sentinelafrica.co.ke
1290,Caterika Ltd,info@caterikaltd.co.ke
1291,RYANTEL SYSTEMS LTD,info@ryantelsystems.com
1292,E AND M TECHNOLOGY HOUSE LTD,info@emtechhouse.co.ke
1293,Sohn and Sol Technologies Limited,contact@sohnandsol.com
1294,Sybyl Kenya Limited,sales.ke@sybyl.com
1295,Tromex Designs,tromexdesigns@yahoo.com
1296,ACE TECHNOLOGIES LTD,info@acetechkenya.co.ke
1297,Complus Technologies LTD,complustechnologiesltd@gmail.com
1298,Jeeps Solutions Limited,jeepsolutions2015@gmail.com
1299,Crystal Technologies Limited,info@crystaltech.co.ke
1300,Microlan Solutions Ltd,info@microlansolutions.com
1301,Infomark TC Ltd,info@infomarktc.com
1302,Fresco Limited,info@fresco.co.ke
1303,IANSOFT TECHNOLOGIES LIMITED,lilian@iansoftltd.com
1304,Wodex Technologies Limited,kenya@wodex.co.ke
1305,SOFT CONSULT LIMITED,info@softconsult.co.ke
1306,Down To Earth Technologies Limited,info@dte.co.ke
1307,Down To Earth Technologies Limited,info@dte.co.ke
1308,Socialight Media Limited,info@socialmedia.co.ke
1309,Boldata Systems Limited,info@boldata.co.ke
1310,Jocsoft Solutions Limited,info@jocsoft.net
1311,KEMNET Technologies Limited,hello@kemnet.co.ke
1312,Attain Enterprise Solutions Ltd,admin@attain-es.com
1313,Tenece Professional Services Limited,lio.bokayo@tenece.com
1314,SYSTEMS REENGINEERED LTD,info@sysre.co.ke
1315,ARTXPRESS SOLUTIONS LIMITED,info@artxpress.co.ke
1316,The Copy Cat Limited,tenders@copycatgroup.com
1317,FIRST QUALITY SUPPLIES LTD,info@firstquality.co.ke
1318,Polaris Kenya Ltd,info@polaris.co.ke
1319,Biometrics Technology Limited,biometricstechnologyint@gmail.com
1320,Clique Solutions Ltd,info@cliquesolutions.net
1321,Attain Enterprise Solutions Ltd,admin@attain-es.com
1322,Manage IT Limited,munjal@manageitafrica.com
1323,RICHARDSON ENTERPRISES LIMITED,RICHARDSONENTERPRISESLTD@GMAIL.COM
1324,Attain Enterprise Solutions Ltd,admin@attain-es.com
1325,Safaricom PLC,Regulatoryandpublicpolicy@Safaricom.co.ke
1326,ANJANATECH SOLUTIONS LTD,anjanatechsolutions@gmail.com
1327,Netpic Limited,faith@netpic.co.ke
1328,Mickmart Computer Systems Ltd,info@mickmart.com
1329,Ibrahim Donald Consultants Ltd,info@idcl.co.ke
1330,prime telecoms ltd,mnjeri@primetelecoms.com
1331,SOFT CONSULT LIMITED,info@softconsult.co.ke
1332,Avuity Limited,info@avuityltd.com
1333,Globalmark Technologies Ltd,info@globalmarkltd.com
1334,Com Twenty One Limited,info@com21.co.ke
1335,CORPRISK INTERNATIONAL LIMITED,info@corpriskinternational.com
1336,Smoothtel and Data Solutions Ltd,sales@smoothtel.com
1337,FLEXWORLD ONLINE COMPANY LIMITED,info@flexworld.co.ke
1338,FLEXWORLD ONLINE COMPANY LIMITED,info@flexworld.co.ke
1339,Complus Technologies LTD,complustechnologiesltd@gmail.com
1340,Netpaq Business Systems Ltd,info@netpaq.co.ke
,Trinity Tess Limited,info@mucheki.com