email,name
sales@advacarepharma.com,Advacare
info@betacare.co.ke,Beta Healthcare
sphinx@sphinx.co.ke,Sphinx
sales@aster-health.com,Aster Health
info@biodeal.co.ke,Biodeal
info@biopharmaltd.com,Bio Pharma
info@kenyamed-engineering.com,Kenya Med Engineering
servicedesk@ctgafrica.com,CTG Africa
info@ramco-group.com,RAMCO
julius@bitbiz.co.ke,BitBiz
ben@bitbiz.co.ke,BitBiz
razvan.barsan@sap.com,SAP
info@dsl.ke,DSL
csd@ictconsultantskenya.com,ICT Consultants
info@ict-a.com,ICT Africa Consulting Services
info@empire.co.ke,Empire Microsystems 
sales@itlweb.com,Interactive Technology
info@blueweb.co.ke,Blueweb Technologies
info@octopusict.com,Octopus ICT Solutions
info@symphony.co.ke,Symphony Technologies 
info@bostechsolutions.net,Bostech Solutions
sales@healthylife.co.ke,Healthy Life Pharmaceuticals
info@pharmaplus.co.ke,Pharma Plus Ltd
supply@medlinelimited.co.ke,Medline Kenya Limited
contact@pharmakenya.co.ke,Pharma Kenya Ltd
sales@bountypharma.co.ke,Bounty Pharmaceuticals
info@kenyamed.co.ke,Kenya Medical Supplies Agency
orders@suppliesafrica.co.ke,Supplies Africa Ltd
sales@lyonsmedicals.co.ke,Lyons Medicals Ltd
service@africalinen.co.ke,Africa Linen Supplies
info@hospitalmattress.co.ke,Hospital Mattress Ltd
support@vitalpharma.co.ke,Vital Pharma Solutions
contact@eastafricalinen.co.ke,East Africa Linen & Supplies
service@globalmed.co.ke,Global Medical Supplies
orders@africamedica.co.ke,Africa Medica Supplies
emmanuel.lumumba@montgomerygroup.com,Montgomery Group
sales@shopit.co.ke,Shopit
ebrahimelectronics@yahoo.com,Ebrahims Electronics
info@alphamed.co.ke,Alpha Med
info@crownkenya.com,Crown Kenya
info@transafricamedical.co.ke,Transafrica Medical
info@megascopekenya.com,MegaScope
info@lancet.co.ke,Lancet
customerservice@pathcarekenya.com,Pathcare
kenya.support@metropolisafrica.com,Metropolis
online.orders@tbc.co.ke,Text Book Center
info@aconmedical.com,Acon Medical
info@eelmaliksurgicalltd.ke,MSL
info@vastscientific.co.ke,Vast Scientific Kenya
info@raypharm.co.ke,Ray Pharma
info@medipointekenya.com,Medi Point Kenya
info@urbansurgicalsupplies.co.ke,Urban Surgicals
song@orthopedic-china.com,Orthopedic China
info@apicalmed.com,Apical
support@desertcart.com,Desecart
FSTSMNG33@GMAIL.COM,CENTIIM AGENCIES
TERRYMUNGAI98@GMAIL.COM,REARCTIC VENTURES
JOSPHINEMATHII@GMAIL.COM,GILEH SUPPLIES
dicksonkathinzi2015@gmail.com,DILASONS ENTERPRISES
cosdebenterprises@gmail.com,COSDEB ENTERPRISES
nrhoda02@gmail.com,RODACCIAN LTD
cosdebenterprises@gmail.com,BRESDEC ENTERPRISES
marwalenterprises@gmail.com,Marwal Enterprises
maritimgeffy1@gmail.com,KOMERCI ENTERPRISES
abyrahstationers@gmail.com,ABYRAH STATIONERS
solicomagencies@gmail,SOLUCOM AGENCIES
antonymwinzi@gmail.com,TONES SUPPLIES 
sakinyanetwork@gmail.com,SAKINYA NETWORK
josanofficesupplies@gmail.com,JOSAN OFFICE SUPPLIES
rumathienterprises1998@gmail.com,Rumathi Enterprises
orodohrose@gmail.com,SEROMAX INVESTMENT
timexbizhubstationers@gmail.com,TIMEX BIZHUB STATIONERS
hermontltd@gmail.com,Hermont Limited
linkla09@gmail.com,Linklab Pioneers Limited
sheesenterprises68@gmail.com,SHEES ENTERPRISES 
edinah.delilah@yahoo.com,DEMLINK ENTERPRISES
vinyakironaldo@gmail.com,VINYAKI 2015 ENTERPRISES
ogeto.edna@gmail.com,EDRINA ENTERPRISES
akoyagnes@gmail.com,KARLGNES ENTERPRISES
damarisgitonga@yahoo.com,DAMKAG GENERAL SUPPLIERS
sherrienterprises@gmail.com,SHERRI ENTERPRISES
rexmeryenterprises@gmail.com,REXMERY ENTERPRISES 
riungunicholas@gmail.com,GRANDEUR SUPPLIES
achimojam@yahoo.com,ACHIMAJ ENTERPRISES
codays89@gmail.com,CODAYS ENTERPRISES
ken.origo@gmail.com,KENODIST WEAVER ENTERPRISES
judith.muga@ymail.com,HOGWALTS SERVICES
smathuva2013@gmail.com,NAZUSBA GENERAL SUPPLIERS
aokobeaty@gmail.com,BEULA BIZ SUPPLIERS
riungunick@gmail.com,GIHON SERVICES
tajjyent56@gmail.com,TAJJY ENTEPRISES
momentltd@yahoo.com,MOMENT CONTRACTORS LIMITED
felicomtech@gmail.com,CHAKAMA OFFICE SUPPLIES
joynamagencies@gmail.com,JOYNAM AGENCIES
sandraatemo@gmail.com,SANDIX AGENCIES
charshopenterprises@gmail.com,CHARSHOP ENTERPRISES
rebeccachebo@yahoo.com,TUYUN ENTERPRISES
bosiborililian83@gmail.com,TRENDMART GENERAL SUPPLIES
feswiras1@gmail.com,FESWIRAS ENTERPRISES LIMITED
mugamatrder@gmail.com,MUGAMA TRADERS LIMITED
sam.anderson39@yahoo.co.uk,STOCKPILE SUPPLIES
moderntimes02@gmail.com,MODERNTIMES LIMITED
slpsgeneralsupplies@gmail.com,SLOPES ALL GENERAL SUPPLIES
tony.kanake@yahoo.com,SUMMIS ENTERPRISES
sofykanana@gmail.com,ELIZKA ENTERPRISES
lydwaylimited@gmail.com,LYDWAY LIMITED
tremitenterprises@gmail.com,TREMIT ENTERPRISES
erstewahltech@gmail.com,ERSTE WAHL TECHNOLOGIES
jucomstechnologies@gmail.com,JUCOMS TECHNOLOGIES
ornateventures2017@yahoo.com,ORNATE VENTURES LIMITED
threesixty16@gmail.com,THREE SIXTY BUSINESS SOLUTIONS
phimmyagencies@gmail.com,Phimmy Agencies
viminvestments@gmail.com,Vim Investments Ltd
info@nelig.co.ke,NELIG Group
pikasonagencies@gmail.com,Pikason Agencies Ltd
mahileneterprises30@gmail.com,Mahil Enterprises
evrahmarketingsupplies@gmail.com,Evrah Marketing
business@josyou.com,Josyou Investments
puzzleinvestments@gmail.com,Puzzle Investment
janetekenterprises@gmail.com,Janetek Enterprises
bellezatrading@gmail.com,Belleza Trading
stephenkamu84@yahoo.com,Intra Oceanic Logistics
frimags@gmail.com,Frimaq General Supplies
lawrence1985kinyanjui@gmail.com,Goldfin Logistics
isleinvestments@gmail.com,Isleworth investements Ltd
snsoriki@gmail.com,Nsoriki Agency
fantechenter2015@ggmail.com,Fanatech Enterprises
townrucs@yahoo.com,Town Rucs
eve.waithira@amysomeenterprises.com,Amyson Enterprises
info@ndesnysupplies.co.ke,Ndesny General Supplies Ltd
bluetideagencies@gmail.com,Blue Tide Agencies
lucyanyango90@gmail.com,Lucky Ton Drappers
colliphesglobal@gmail.com,Colliphes Global
zanasgifts@gmail.com,Zanas Gifts Supplies
rivervilleenterprises@gmail.com,Riverville Enterprises
gabbyagencies@yahoo.com,GABBY AGENCIES LIMITED
info@mpissl.co.ke,MASTER PIECE INTERNATIONAL SUPPLIES & SERVICES LTD
maunaeastfrica@yahoo.com,MAUNA EAST AFRICA CLEANING SERVICES
heneetrepreneurship@gmail.com,HENE ENTREPRENEURSHIP
info@tiancar.co.ke,TIANCAR ENTERPRISES
info@bright-edge.co.ke,BRIGHTEDGE ENTERPRISES
vennessamaliga03@gmail.com,TECH LISHE ENTERPRISE
globecurvegroup@gmail.com,GLOBE CURVE GROUP
shammersolutions@gmail.com,SHAMMER BUSINESS SOLUTIONS
philipexenterprise12@yahoo.com,PHILIPEX ENTERPRISES LIMITED
wangumartha@yahoo.com,FIRST SITE VENTRURES
gitongamorris5@gmail.com,FOMALI INVESTMENT LTD
globalimgltd@gmail.com,IMG GLOBAL LTD
pemutecagencies@gmail.com,PEMUTEC AGENCIES
lydwaylimited@gmail.com,LYDWAY LTD
info@jemwenda.co.ke,JEMWENDA ENTERPRISES
filited3@gmail.com,MICROCARE AGENCIES
countydcc@gmail.com,COUNTY DEVELOPMENT CONTRUCTION
microcareagencies@gmail.com,MICROCARE AGENCIES
b-mazenge@yahoo.com,RITAZESH AGENCIES
SHLEKIC@GMAIL.COM,SHLEKIC COMPANY LTD
info@zimarigroup.com,ZIMARI GROUP
info@zinfaross.com,ZINFAROSS GENERAL ENTERPRISES
nkendaainvestments@gmail.com,NKEDAA INVESTMENTS
josmerservices@gmail.com,JOSMER SERVICES
gracematt00@gmail.com,Gracematt Commercial Investment
moraldenterpriseltd@gmail.com,Morald Joy Enterprises Ltd
danmictraders2014@gmail.com,Danmic Traders
pemcoenterltd@gmail.com,Pemco Enterprises Ltd
Skillsafricagroup@gmail.com,Skills Africa Group Ltd
debomaagencies@gmail.com,Deboma Agencies
info@thetravelhub.co.ke,The Travel Hub
cloataventures@gmail.com,Cloata Ventures
info@jaytechsupplies.co.ke,Jaytech Supplies
jeriotech@gmail.com,Jeriotech Ventures
kasimaventures@gmail.com,Kasima Ventures
prideartse@gmail.com,Pridearts Enterprises
info@dovedil.com,Dovedil Limited
tinlieagencies8@gmail.com,Tinlie Agencies
tramohventures@gmail.com,Tramoh Ventures
kemingensupplies@gmail.com,Kemin General Supplies
nabinteriors@gmail.com,NAB Interiors & Hardware Ltd
klangat@gmail.com,Pinwheel Enterprises
kenexaxeprises@gmail.com, Kenexax Enterprises
peshw8@gmail.com,Fairmax Agency
mugishaventures85@gmail.com,Mugisha Ventures
TITUSGACHERU85@GMAIL.COM,Brauna Enterprises
lubechaenterprises@gmail.com,LUBECHA ENTERPRISES LIMITED
LUCYNDERI84@GMAIL.COM,RUESAY ENTERPRISES LTD
westmattltd@gmail.com,WESTMATT SUPPLIES LTD
infor@maliasupplies.co.ke,MALIA GENERAL SUPPLIES
MF.NGARE@GMAIL.COM,FRANKIEDAY ENTERPRISES
JOSEPHODEMBOOGUTU@YAHOO.COM,RUMMER ENTERPRISES
OSIDEKAREN@GMAIL.COM,NICKOLETTE GENERAL SUPPLIES & TRANSPORT SERVICES
GLADYSWANGESHI9@GMAIL.COM,GLADENNY ENTERPRISES
mishelaw@gmail.com,MISHELAW GENERAL SUPPLY & CONTRACTORS LTD
mutscolimited@gmail.com,MUTS AND COMPANY LTD
alaken.alaken@yahoo.com,ALLAKEN GENERAL MERCHANTS
tonerstar@yahoo.com,TONER STAR ENTERPRISES
emorresther@gmail.com,MORRESTHER INTER-ENTERPRISES
nojemagencies@gmail.com,NOJEM AGENCIES
tylamerventures@gmail.com,TYLAMER VENTURES
josluprinters@gmail.com,JOSLU ENTERPRISES &PRINTERS
sillexbrands@gmail.com,SILEX BRANDS
muthonimiriam34@yaho.com,KANJOGU MERCHANTS
mbukanaenterprises@gmail.com,MBUKANA ENTERPRISES
Dorcastieno15@gmail.com,DORCATO ENTERPRISES
tulipsbusinesssolutions@gmail.com,TULIPS BUSINESS SOLUTIONS
metvAlarY@gmail.com,MUUO ENTERPRISES
HELLENMWIKALI2013@GMAIL.COM,M/S LENIX GENERAL SERVICES
info@benqsystems.com,BENQ SYSTEM &SUPPLIES LTD
CAROLNDUNE123@GMAIL.COM,CALLYNTECH ENTERPRISES
judithamiani86@gmail.com,DAHBRIEL ENTERPRISE
ANGELLAAMENDI@YAHOO.COM,FOCUSRITE ENTERPRISES
ROSYTECHFASHIONS@GMAIL.COM,ROSYTECH FASHIONS &GENERAL SUPPLIERS
tesmaventures2009@gmail.com,TESMA VENTURES
jetaginvestments3@gmail.com,JETAG INVESTMENTS
Reevad15@gmail.com,REEVAD ENTERPRISES
apexmerchantsupplies@gmail.com,APEX MERCHANTS AND GENERAL SUPPLIES
info@rusainsupplies@co.ke,RUSAIN SUPPLIES
infor@nahsralimited.co.ke,NAHSRA LIMITED
notableworksafrica@gmail.com,NOTABLE WORKS AFRICA LIMITED
info@kreativehunt.co.ke,KREATIV HUNT LIMITED
akumu_charles@yahoo.com,INTERSTATE VENTURES LTD COMPANY PROFILE
armageddonsuppliers@gmail.com,ARMAGEDDON SUPPLIERS
nelima1985@yahoo.com,JUBATUS TRAVEL LTD
gaietyventures@gmail.com,GAIETY VENTURES
94MWALIE@GMAIL.COM,SHEILAND ENTERPRISES
hnmlimited6@gmail.com,HnM Limited
specresources2013@gmail.com,SPEC RESOURCE LTD
PAATECHLTD@GMAIL.COM,PAA TECH
vincentosemba9@gmail.com,VIOSEM ENTERPRISES
perizkesare@gmail.com,PAST GLOBAL
admin@nakurupress.com,NAKURU PRESS EAST AFRICA
nawairesource@gmail.com,NIWAI RESOURCES LIMITED
reservation@riverbaylimited.com,RIVER BAY LIMITED
contactcentre@sifteagleam.com,SIFTEAGLEAM ENTERPRISES
fanyakaenterprise@gmail.com,FANYAKA ENTERPRISE
kertichbetsy@gmail.com,OROBO AGENCIES
irinekalekye@gmail.com,DILIGENT SOLUTIONS ENTERPRISE
zuziventureslid@gmail.com,ZUZI VENTURES CO. LTD
MWEUMICHAEL2015@GMAIL.COM,GODSMANYWAYS SUPPLIES
trizas29@gmail.com,TRE-ZEAH ENTERPRISES
mokejoyenterprises@gmail.com,Mokejoy Enterprises
peglorytechinvestments@gmail.com,PEGLORYTECH INVESTMENTS
gloriaspete94@gmail.com,GLOMARAND ENTERPRISES
cwanderi@jibambeventures.co.ke,JIBAMBE VENTURES LIMITED
info@cratersideenterprises.co.ke,CRATER SIDE ENTERPRISES
info@disk.co.ke,DISK &BOB INVESTMENTS LTD
ewanatraders@gmail.com,EWANA TRADERS
joeykimathi@gmail.com,UPSCALE PACIFIC MERCHANDISE LTD
florencemunyao80@gmail.com,TULIMA SUPPLIES AND INVESTMENTS
faithmusembi9@gmail.com,NZUMBERIE ENTERPRISES
mkiplagat0@gmail.com,FROLIC TRADING SUPPLIES
richardsoneneterprisesltd@gmail.com,RICHARDSON ENTERPRISE
lusakaventures@gmail.com,LUSAKA VENTURES
ukweliblessedsuppliesltd@gmail.com,UKWELI  BLESSED SUPPLIES LTD
info@bellenorthedynamics.com,BELLENORTHE DYNAMICS
fordway2016@gmail.com,FORDWAYS ENTERPISES
ptechsolutionsltd@gmail.com,PTECH SOLUTIONS 
isaboke74@gmail.com,JOHUB GENERAL SUPPLIERS
m.parmar@groupmfi.com,MFI DOCUMENT SOLUTIONS Limited
sales@xtranet.co.ke,XTRANET COMMUNICATIONS LIMITED
INFO@JENETWORKS.CO.KE,JENETWORKS VENTURES LTD
joelysupplies@gmai.com,JOELY GENERAL SUPPLIES
info@wingustar.coke,WINGUSTAR SOLUTIONS LTD
info@buddysystems.co.ke,BUDDY SYSTEMS
yourtech@gmail.com,YOURTECH SOLUTIONS LIMITED
info@appkings.co.ke,APPKINGS SOLUTIONS LIMITED
info@surestep.co.ke,SURESTEP SYSTEMS & SOLUTIONS LTD
jarliks.agencies@gmail.com,JARLIKS AGENCIES LIMITED
jantec4@gmail.com,JANTECH TECHNOLOGIES
centerforty17@gmail.com,CENTER FORTY LIMITED
copylinkmasters@gmail.com,COPYLINK MASTERS COMPANY LIMITED
africatimeline@gmail.com,TIMELINE SOLUTIONS
admin@sasahost.co.ke,SASAHOST
info@kenyaweb.com,KENYAWEB.COM
info@kenyawebexperts.co.ke,KENYAWEB MASTERS
info@pinnaclw4systemskenya.net,HOST PINNACLE
info@appkings.co.ke,APPKINGS SOLUTIONS LIMITED
mega@yahoo.com,THE ELITE TIMES VENTURES
sales@xtranet.co.ke,XRX TECHNOLOGIES LIMITED
westinnovations@gmail.com,WEST INNOVATIONS LIMITED
admin@attain-es.com,ATTAIN ENTERPRISES
info@eadatahandlers.co.ke,EAST AFRICAN DATA HANDLERS
lokenogeneralltd@gmail.com,LOKENO GENERAL MERCHANTS
mojuma@trancom.co.ke,TRANSCOM SUPPLIES
sales@xtranet.co.ke,XTRANET COMMUNICATIONS LIMITED
ornateventures2017@yahoo.com,ORNATE VENTURES LIMITED
business@josyou.com,Josyou Investments
janetekenterprises@gmail.com,Janetek Enterprises
bellezatrading@gmail.com,Belleza Trading
frimags@gmail.com,Frimaq General Supplies
jeriteque@gmail.com,JERITEQUE INVESTMENTS
setconcepts@yahoo.com,SET CONCEPTS
uniteqltd@gmail.com,UNI-TEQ LTD
info@kinvest97.co.ke,KINVEST-97 LTD
brixwells@gmail.com,BRIXWELL SOLUTIONS
info@skycorptechnologies.co.ke,SKYCORP TECHNOLOGIES LIMITED
njokijane.jn@gmail.com,JAPATOME ENTERPRISES
info@thateasy.co.ke,THATEASY LIMITED
info@unisyscomputersystems.com,UNISYS COMPUTER SYSTEMS LTD
faibapoweredsolutionsltd@gmail.com,FAIBA POWERED SOLUTIONS LIMITED
info@sleektechnologies.co.ke,SLEEK TECHNOLOGIES LIMITED
desmosolutions1@gmail.com,Desmo Solutions
info@sleektechnologies.co.ke,SLEEK TCHNOLOGIES LIMITED
denmuicompany@gmail.com,DENMUI INTERNATIONAL LIMITED
INFO@JENETWORKS.CO.KE,JENETWORKS VENTURES LTD
info@disk.co.ke,DISK &BOB INVESTMENTS LTD
fordway2016@gmail.com, FORDWAY ENTERPRISES
info@maarstechnologies.com,MAARS TECHNOLOGIES
dongletechnologies@gmail.com,DONGLE TECHNOLOGIES
info@kikosi.co.ke,KIKOSI LTD
sunkingcreations@gmail.com,SUNKEN CREATION
info@petit.com,PETIT BUSINESS
FSTSMNG33@GMAIL.COM,CENTIIM AGENCIES
TERRYMUNGAI98@GMAIL.COM,REARCTIC VENTURES
JOSPHINEMATHII@GMAIL.COM,GILEH SUPPLIES
dicksonkathinzi2015@gmail.com,DILASONS ENTERPRISES
cosdebenterprises@gmail.com,COSDEB ENTERPRISES
nrhoda02@gmail.com,RODACCIAN LTD
cosdebenterprises@gmail.com,BRESDEC ENTERPRISES
maritimgeffy1@gmail.com,KOMERCI ENTERPRISES
solicomagencies@gmail,SOLUCOM AGENCIES
sakinyanetwork@gmail.com,SAKINYA NETWORK
josanofficesupplies@gmail.com,JOSAN OFFICE SUPPLIES
rumathienterprises1998@gmail.com,Rumathi Enterprises
orodohrose@gmail.com,SEROMAX INVESTMENT
timexbizhubstationers@gmail.com,TIMEX BIZHUB STATIONERS
linkla09@gmail.com,Linklab Pioneers Limited
dongletechnologies@gmail.com,DONGLE TECHNOLOGIES
nrhoda02@gmail.com,RODACCIAN LTD
info@zimarigroup.com,ZIMARI VENTURES
joyvivcreations10@gmail.com,JOYVIV CREATIONS
bbundi09@gmail.com,BENMARK GENERAL MERCHANTS LIMITED
paulowaga1@gmail.com,BAKKUS AFRICAN ENTERPRISES
nobilityinvestment@yahoo.com,NOBILITY INVESTMENTS LIMITED
rimucoenterprises@gmail.com,RIMUCO ENTERPRISES LIMITED
rinricinvestment@gmail.com,RINRIC INVESTMENT
tehanltd@gmail.com,TEHAN COMPANY LIMITED
marube.em@gmail.com,EMART SERVICES
samandersonke@outlook.com,WELL ENDOWED COMPANY
rigsuppliesltd@gmail.com,RIG SUPPLIES LIMITED
lethansuppliers@gmail.com,LETHAN SUPPLIERS
jawalett.agencies@gmail.com,Jawalett Agencies
academiaenterprises@gmail.com,Academia Enterprises
saipetouch15@gmail.com,Saipe Touch
business@josyou.com,Josyou Investments
janetekenterprises@gmail.com,Janetek Enterprises
bellezatrading@gmail.com,Belleza Trading
info@jorbraheltons.co.ke,JORBRAH ELTONS KENYA SERVICES
info@rhimmona.com,RHIMMON COMPANY LTD
agency@yahoo.com,ABSOLUTE NEW PREFERENCE AGENCY
muriukisteve@gmail.com,MABS LINK LTD
info@zinfaross.com,ZINFAROSS GENERAL ENTERPRISES
souringeaglesventures@gmail.com,SOARING EAGLES
nasabaz.agencies@gmail.com,NASABAZ Agencies
www.chilcot.co.ke,CHILCOT LIMITED
avendyagencies@gmail.com,AVENDY AGENCIES
tunnelstechnologies@gmail.com,TUNNEL TECHNOLOGIES
visiblygrp@gmail.com,VISIBLY GROUP
leveragemedia.co.ke,LEVERAGE MEDIA
dongletechnologies@gmail.com,DONGLE TECHNOLOGIES
nrhoda02@gmail.com,RODACCIAN LTD
info@zimarigroup.com,ZIMARI VENTURES
www.chilcot.co.ke,CHILCOT LIMITED
info@bhouse.co.ke,BHOUSE LTD
info@sokodirectory.co.ke,SOKO DIRECTORY INVESTMENTS
franc@tdm.co.ke,THE DIGITAL MONKEYS LTD
info@text40.co.ke,TEXT 40 KENYA LIMITED
joyvivcreations10@gmail.com,JOYVIV CREATIONS
lafameproductions@gmail.com,LAFAME PRODUCTION
souringeaglesventures@gmail.com,SOARING EAGLES
tunnelstechnologies@gmail.com,TUNNEL TECHNOLOGIES
leveragemedia.co.ke,LEVERAGE MEDIA
reservations@ngonghotel.com,NGONG HILLS TOTEL
reservations@hadassahotels.co.ke,HADASSAH HOTEL
saleshead@heronhotel.com,HERON PORTICO
woondlansevents@gmail.com,WOONDLAND EVENTS SOLUTION LTD
anyangonyalwal@gmail.com,MARWAL ENTERPRISES
centralreservations@sarova hotels.com,SAROVA HOTELS
sm@fourpointsnairobihurligham.co.ke,KAMCAN PROPERTIES(FOURPOINTS)
bruce.mwenda@serenahotels.com,TOURISM PROMOTION SERVICES (K) LTD(SERENA HOTELS)
wilson.njeru@movenpick.com,GOLF COURSEHOTEL (MOVENPICK HOTEL & RESIDENCES)
caroline.kipkorir@kempinski.com,VILLA ROSA KEMPINSKI
bernard.otieno@radissonblu.com,RADDISON BLU
martin.kidula@cpnairobi.com,CROWNE PLAZA
sales@dthilton.com,DOUBLE TREE BY HILTON
reservations@westonhotel.com,WESTON HOTEL
mary.wanjiru@prideinn.co.ke,PRIDE INN HOTELS
eunicenjoroge@heritagehotels.co.ke,HERITAGE HOTELS(VOYAGER RESORT)
eunicenjoroge@heritagehotels.co.ke,HERITAGE HOTELS (GREAT RIFT VALLEY)
harriet@eserianihotels.co.ke,ESERIANI RESORT
cnyora@enashipai.com,ENASHIPAI RESORT & SPA
jkivuva@superiohotelskenya.com,LAKE NAIVASHA RESORT
reservations@sawelalodges.com,LAKE NAIVASHA COUNTRY HOTEL (SAWELA LODGES)
sales@simbalodges.com,SIMBA LODGES
info@sopalodges.com,SOPA LODGES
info@sweetlake.com,SWEET LAKE NAIVASHA
info@masadahotel.com,MASADA HOTEL